timestamp,y_true,yhat,residual,z_resid,flag_z,cusum_plus,cusum_minus,flag_cusum
2020-08-21 04:00:00+00:00,38113.0,37744.0,369.0,,0,0.0,0.0,0
2020-08-21 05:00:00+00:00,40212.0,39610.0,602.0,,0,0.0,0.0,0
2020-08-21 06:00:00+00:00,43083.0,42802.0,281.0,,0,0.0,0.0,0
2020-08-21 07:00:00+00:00,45895.0,45701.0,194.0,,0,0.0,0.0,0
2020-08-21 08:00:00+00:00,47484.0,47345.0,139.0,,0,0.0,0.0,0
2020-08-21 09:00:00+00:00,48732.0,48706.0,26.0,,0,0.0,0.0,0
2020-08-21 10:00:00+00:00,50431.0,50352.0,79.0,,0,0.0,0.0,0
2020-08-21 11:00:00+00:00,49599.0,49529.0,70.0,,0,0.0,0.0,0
2020-08-21 12:00:00+00:00,49002.0,48826.0,176.0,,0,0.0,0.0,0
2020-08-21 13:00:00+00:00,47940.0,47720.0,220.0,,0,0.0,0.0,0
2020-08-21 14:00:00+00:00,46756.0,46899.0,-143.0,,0,0.0,0.0,0
2020-08-21 15:00:00+00:00,45936.0,46626.0,-690.0,,0,0.0,0.0,0
2020-08-21 16:00:00+00:00,46208.0,47684.0,-1476.0,,0,0.0,0.0,0
2020-08-21 17:00:00+00:00,45882.0,47890.0,-2008.0,,0,0.0,0.0,0
2020-08-21 18:00:00+00:00,44138.0,45893.0,-1755.0,,0,0.0,0.0,0
2020-08-21 19:00:00+00:00,44173.0,45578.0,-1405.0,,0,0.0,0.0,0
2020-08-21 20:00:00+00:00,44669.0,45737.0,-1068.0,,0,0.0,0.0,0
2020-08-21 21:00:00+00:00,44653.0,45354.0,-701.0,,0,0.0,0.0,0
2020-08-21 22:00:00+00:00,40939.0,41412.0,-473.0,,0,0.0,0.0,0
2020-08-21 23:00:00+00:00,38319.0,38830.0,-511.0,,0,0.0,0.0,0
2020-08-22 00:00:00+00:00,36570.0,37199.0,-629.0,,0,0.0,0.0,0
2020-08-22 01:00:00+00:00,34254.0,35173.0,-919.0,,0,0.0,0.0,0
2020-08-22 02:00:00+00:00,33334.0,34049.0,-715.0,,0,0.0,0.0,0
2020-08-22 03:00:00+00:00,33480.0,35502.0,-2022.0,,0,0.0,0.0,0
2020-08-22 04:00:00+00:00,34170.0,38113.0,-3943.0,,0,0.0,0.0,0
2020-08-22 05:00:00+00:00,34456.0,40212.0,-5756.0,,0,0.0,0.0,0
2020-08-22 06:00:00+00:00,36697.0,43083.0,-6386.0,,0,0.0,0.0,0
2020-08-22 07:00:00+00:00,39375.0,45895.0,-6520.0,,0,0.0,0.0,0
2020-08-22 08:00:00+00:00,41138.0,47484.0,-6346.0,,0,0.0,0.0,0
2020-08-22 09:00:00+00:00,42378.0,48732.0,-6354.0,,0,0.0,0.0,0
2020-08-22 10:00:00+00:00,44293.0,50431.0,-6138.0,,0,0.0,0.0,0
2020-08-22 11:00:00+00:00,43189.0,49599.0,-6410.0,,0,0.0,0.0,0
2020-08-22 12:00:00+00:00,42095.0,49002.0,-6907.0,,0,0.0,0.0,0
2020-08-22 13:00:00+00:00,40938.0,47940.0,-7002.0,,0,0.0,0.0,0
2020-08-22 14:00:00+00:00,40201.0,46756.0,-6555.0,,0,0.0,0.0,0
2020-08-22 15:00:00+00:00,40184.0,45936.0,-5752.0,,0,0.0,0.0,0
2020-08-22 16:00:00+00:00,41133.0,46208.0,-5075.0,,0,0.0,0.0,0
2020-08-22 17:00:00+00:00,41361.0,45882.0,-4521.0,,0,0.0,0.0,0
2020-08-22 18:00:00+00:00,40464.0,44138.0,-3674.0,,0,0.0,0.0,0
2020-08-22 19:00:00+00:00,41081.0,44173.0,-3092.0,,0,0.0,0.0,0
2020-08-22 20:00:00+00:00,41989.0,44669.0,-2680.0,,0,0.0,0.0,0
2020-08-22 21:00:00+00:00,42323.0,44653.0,-2330.0,,0,0.0,0.0,0
2020-08-22 22:00:00+00:00,38803.0,40939.0,-2136.0,,0,0.0,0.0,0
2020-08-22 23:00:00+00:00,36216.0,38319.0,-2103.0,,0,0.0,0.0,0
2020-08-23 00:00:00+00:00,34589.0,36570.0,-1981.0,,0,0.0,0.0,0
2020-08-23 01:00:00+00:00,32437.0,34254.0,-1817.0,,0,0.0,0.0,0
2020-08-23 02:00:00+00:00,31376.0,33334.0,-1958.0,,0,0.0,0.0,0
2020-08-23 03:00:00+00:00,31291.0,33480.0,-2189.0,,0,0.0,0.0,0
2020-08-23 04:00:00+00:00,31566.0,34170.0,-2604.0,,0,0.0,0.0,0
2020-08-23 05:00:00+00:00,31552.0,34456.0,-2904.0,,0,0.0,0.0,0
2020-08-23 06:00:00+00:00,33474.0,36697.0,-3223.0,,0,0.0,0.0,0
2020-08-23 07:00:00+00:00,36012.0,39375.0,-3363.0,,0,0.0,0.0,0
2020-08-23 08:00:00+00:00,38128.0,41138.0,-3010.0,,0,0.0,0.0,0
2020-08-23 09:00:00+00:00,39863.0,42378.0,-2515.0,,0,0.0,0.0,0
2020-08-23 10:00:00+00:00,42002.0,44293.0,-2291.0,,0,0.0,0.0,0
2020-08-23 11:00:00+00:00,40543.0,43189.0,-2646.0,,0,0.0,0.0,0
2020-08-23 12:00:00+00:00,38838.0,42095.0,-3257.0,,0,0.0,0.0,0
2020-08-23 13:00:00+00:00,37572.0,40938.0,-3366.0,,0,0.0,0.0,0
2020-08-23 14:00:00+00:00,36792.0,40201.0,-3409.0,,0,0.0,0.0,0
2020-08-23 15:00:00+00:00,36765.0,40184.0,-3419.0,,0,0.0,0.0,0
2020-08-23 16:00:00+00:00,38061.0,41133.0,-3072.0,,0,0.0,0.0,0
2020-08-23 17:00:00+00:00,39518.0,41361.0,-1843.0,,0,0.0,0.0,0
2020-08-23 18:00:00+00:00,39682.0,40464.0,-782.0,,0,0.0,0.0,0
2020-08-23 19:00:00+00:00,40643.0,41081.0,-438.0,,0,0.0,0.0,0
2020-08-23 20:00:00+00:00,41555.0,41989.0,-434.0,,0,0.0,0.0,0
2020-08-23 21:00:00+00:00,42182.0,42323.0,-141.0,,0,0.0,0.0,0
2020-08-23 22:00:00+00:00,38670.0,38803.0,-133.0,,0,0.0,0.0,0
2020-08-23 23:00:00+00:00,36097.0,36216.0,-119.0,,0,0.0,0.0,0
2020-08-24 00:00:00+00:00,34416.0,34589.0,-173.0,,0,0.0,0.0,0
2020-08-24 01:00:00+00:00,32623.0,32437.0,186.0,,0,0.0,0.0,0
2020-08-24 02:00:00+00:00,32400.0,31376.0,1024.0,,0,0.0,0.0,0
2020-08-24 03:00:00+00:00,34138.0,31291.0,2847.0,,0,0.0,0.0,0
2020-08-24 04:00:00+00:00,37251.0,31566.0,5685.0,,0,0.0,0.0,0
2020-08-24 05:00:00+00:00,39761.0,31552.0,8209.0,,0,0.0,0.0,0
2020-08-24 06:00:00+00:00,43013.0,33474.0,9539.0,,0,0.0,0.0,0
2020-08-24 07:00:00+00:00,45614.0,36012.0,9602.0,,0,0.0,0.0,0
2020-08-24 08:00:00+00:00,47051.0,38128.0,8923.0,,0,0.0,0.0,0
2020-08-24 09:00:00+00:00,48534.0,39863.0,8671.0,,0,0.0,0.0,0
2020-08-24 10:00:00+00:00,49928.0,42002.0,7926.0,,0,0.0,0.0,0
2020-08-24 11:00:00+00:00,48960.0,40543.0,8417.0,,0,0.0,0.0,0
2020-08-24 12:00:00+00:00,48148.0,38838.0,9310.0,,0,0.0,0.0,0
2020-08-24 13:00:00+00:00,47017.0,37572.0,9445.0,,0,0.0,0.0,0
2020-08-24 14:00:00+00:00,45911.0,36792.0,9119.0,,0,0.0,0.0,0
2020-08-24 15:00:00+00:00,45245.0,36765.0,8480.0,,0,0.0,0.0,0
2020-08-24 16:00:00+00:00,45814.0,38061.0,7753.0,,0,0.0,0.0,0
2020-08-24 17:00:00+00:00,46666.0,39518.0,7148.0,,0,0.0,0.0,0
2020-08-24 18:00:00+00:00,45337.0,39682.0,5655.0,,0,0.0,0.0,0
2020-08-24 19:00:00+00:00,44926.0,40643.0,4283.0,,0,0.0,0.0,0
2020-08-24 20:00:00+00:00,44994.0,41555.0,3439.0,,0,0.0,0.0,0
2020-08-24 21:00:00+00:00,44889.0,42182.0,2707.0,,0,0.0,0.0,0
2020-08-24 22:00:00+00:00,41296.0,38670.0,2626.0,,0,0.0,0.0,0
2020-08-24 23:00:00+00:00,38962.0,36097.0,2865.0,,0,0.0,0.0,0
2020-08-25 00:00:00+00:00,37384.0,34416.0,2968.0,,0,0.0,0.0,0
2020-08-25 01:00:00+00:00,35400.0,32623.0,2777.0,,0,0.0,0.0,0
2020-08-25 02:00:00+00:00,34744.0,32400.0,2344.0,,0,0.0,0.0,0
2020-08-25 03:00:00+00:00,36110.0,34138.0,1972.0,,0,0.0,0.0,0
2020-08-25 04:00:00+00:00,38816.0,37251.0,1565.0,,0,0.0,0.0,0
2020-08-25 05:00:00+00:00,41229.0,39761.0,1468.0,,0,0.0,0.0,0
2020-08-25 06:00:00+00:00,44380.0,43013.0,1367.0,,0,0.0,0.0,0
2020-08-25 07:00:00+00:00,46742.0,45614.0,1128.0,,0,0.0,0.0,0
2020-08-25 08:00:00+00:00,47985.0,47051.0,934.0,,0,0.0,0.0,0
2020-08-25 09:00:00+00:00,49219.0,48534.0,685.0,,0,0.0,0.0,0
2020-08-25 10:00:00+00:00,50366.0,49928.0,438.0,,0,0.0,0.0,0
2020-08-25 11:00:00+00:00,49530.0,48960.0,570.0,,0,0.0,0.0,0
2020-08-25 12:00:00+00:00,49416.0,48148.0,1268.0,,0,0.0,0.0,0
2020-08-25 13:00:00+00:00,48488.0,47017.0,1471.0,,0,0.0,0.0,0
2020-08-25 14:00:00+00:00,47397.0,45911.0,1486.0,,0,0.0,0.0,0
2020-08-25 15:00:00+00:00,46470.0,45245.0,1225.0,,0,0.0,0.0,0
2020-08-25 16:00:00+00:00,47024.0,45814.0,1210.0,,0,0.0,0.0,0
2020-08-25 17:00:00+00:00,47190.0,46666.0,524.0,,0,0.0,0.0,0
2020-08-25 18:00:00+00:00,45550.0,45337.0,213.0,,0,0.0,0.0,0
2020-08-25 19:00:00+00:00,45395.0,44926.0,469.0,,0,0.0,0.0,0
2020-08-25 20:00:00+00:00,45679.0,44994.0,685.0,,0,0.0,0.0,0
2020-08-25 21:00:00+00:00,45669.0,44889.0,780.0,,0,0.0,0.0,0
2020-08-25 22:00:00+00:00,41955.0,41296.0,659.0,,0,0.0,0.0,0
2020-08-25 23:00:00+00:00,39561.0,38962.0,599.0,,0,0.0,0.0,0
2020-08-26 00:00:00+00:00,38029.0,37384.0,645.0,,0,0.0,0.0,0
2020-08-26 01:00:00+00:00,36036.0,35400.0,636.0,,0,0.0,0.0,0
2020-08-26 02:00:00+00:00,35403.0,34744.0,659.0,,0,0.0,0.0,0
2020-08-26 03:00:00+00:00,36903.0,36110.0,793.0,,0,0.0,0.0,0
2020-08-26 04:00:00+00:00,39800.0,38816.0,984.0,,0,0.0,0.0,0
2020-08-26 05:00:00+00:00,41947.0,41229.0,718.0,,0,0.0,0.0,0
2020-08-26 06:00:00+00:00,45068.0,44380.0,688.0,,0,0.0,0.0,0
2020-08-26 07:00:00+00:00,47383.0,46742.0,641.0,,0,0.0,0.0,0
2020-08-26 08:00:00+00:00,48788.0,47985.0,803.0,,0,0.0,0.0,0
2020-08-26 09:00:00+00:00,50281.0,49219.0,1062.0,,0,0.0,0.0,0
2020-08-26 10:00:00+00:00,51475.0,50366.0,1109.0,,0,0.0,0.0,0
2020-08-26 11:00:00+00:00,50364.0,49530.0,834.0,,0,0.0,0.0,0
2020-08-26 12:00:00+00:00,49820.0,49416.0,404.0,,0,0.0,0.0,0
2020-08-26 13:00:00+00:00,48706.0,48488.0,218.0,,0,0.0,0.0,0
2020-08-26 14:00:00+00:00,47717.0,47397.0,320.0,,0,0.0,0.0,0
2020-08-26 15:00:00+00:00,46942.0,46470.0,472.0,,0,0.0,0.0,0
2020-08-26 16:00:00+00:00,47674.0,47024.0,650.0,,0,0.0,0.0,0
2020-08-26 17:00:00+00:00,47925.0,47190.0,735.0,,0,0.0,0.0,0
2020-08-26 18:00:00+00:00,46219.0,45550.0,669.0,,0,0.0,0.0,0
2020-08-26 19:00:00+00:00,45787.0,45395.0,392.0,,0,0.0,0.0,0
2020-08-26 20:00:00+00:00,45851.0,45679.0,172.0,,0,0.0,0.0,0
2020-08-26 21:00:00+00:00,45849.0,45669.0,180.0,,0,0.0,0.0,0
2020-08-26 22:00:00+00:00,42182.0,41955.0,227.0,,0,0.0,0.0,0
2020-08-26 23:00:00+00:00,39668.0,39561.0,107.0,,0,0.0,0.0,0
2020-08-27 00:00:00+00:00,38279.0,38029.0,250.0,,0,0.0,0.0,0
2020-08-27 01:00:00+00:00,36266.0,36036.0,230.0,,0,0.0,0.0,0
2020-08-27 02:00:00+00:00,35676.0,35403.0,273.0,,0,0.0,0.0,0
2020-08-27 03:00:00+00:00,37112.0,36903.0,209.0,,0,0.0,0.0,0
2020-08-27 04:00:00+00:00,40057.0,39800.0,257.0,,0,0.0,0.0,0
2020-08-27 05:00:00+00:00,42474.0,41947.0,527.0,,0,0.0,0.0,0
2020-08-27 06:00:00+00:00,45691.0,45068.0,623.0,,0,0.0,0.0,0
2020-08-27 07:00:00+00:00,48005.0,47383.0,622.0,,0,0.0,0.0,0
2020-08-27 08:00:00+00:00,49449.0,48788.0,661.0,,0,0.0,0.0,0
2020-08-27 09:00:00+00:00,50771.0,50281.0,490.0,,0,0.0,0.0,0
2020-08-27 10:00:00+00:00,51939.0,51475.0,464.0,,0,0.0,0.0,0
2020-08-27 11:00:00+00:00,51144.0,50364.0,780.0,,0,0.0,0.0,0
2020-08-27 12:00:00+00:00,50570.0,49820.0,750.0,,0,0.0,0.0,0
2020-08-27 13:00:00+00:00,49351.0,48706.0,645.0,,0,0.0,0.0,0
2020-08-27 14:00:00+00:00,48241.0,47717.0,524.0,,0,0.0,0.0,0
2020-08-27 15:00:00+00:00,47372.0,46942.0,430.0,,0,0.0,0.0,0
2020-08-27 16:00:00+00:00,47986.0,47674.0,312.0,,0,0.0,0.0,0
2020-08-27 17:00:00+00:00,48163.0,47925.0,238.0,,0,0.0,0.0,0
2020-08-27 18:00:00+00:00,46337.0,46219.0,118.0,,0,0.0,0.0,0
2020-08-27 19:00:00+00:00,45403.0,45787.0,-384.0,,0,0.0,0.0,0
2020-08-27 20:00:00+00:00,45398.0,45851.0,-453.0,,0,0.0,0.0,0
2020-08-27 21:00:00+00:00,45515.0,45849.0,-334.0,,0,0.0,0.0,0
2020-08-27 22:00:00+00:00,41822.0,42182.0,-360.0,,0,0.0,0.0,0
2020-08-27 23:00:00+00:00,39360.0,39668.0,-308.0,,0,0.0,0.0,0
2020-08-28 00:00:00+00:00,37914.0,38279.0,-365.0,,0,0.0,0.0,0
2020-08-28 01:00:00+00:00,36059.0,36266.0,-207.0,,0,0.0,0.0,0
2020-08-28 02:00:00+00:00,35504.0,35676.0,-172.0,,0,0.0,0.0,0
2020-08-28 03:00:00+00:00,36977.0,37112.0,-135.0,-0.09229869492299603,0,0.0,0.0,0
2020-08-28 04:00:00+00:00,39835.0,40057.0,-222.0,-0.11787812393339596,0,0.0,0.0,0
2020-08-28 05:00:00+00:00,42108.0,42474.0,-366.0,-0.1604440127599432,0,0.0,0.0,0
2020-08-28 06:00:00+00:00,45279.0,45691.0,-412.0,-0.17371299831347783,0,0.0,0.0,0
2020-08-28 07:00:00+00:00,47755.0,48005.0,-250.0,-0.12463562089004604,0,0.0,0.0,0
2020-08-28 08:00:00+00:00,49255.0,49449.0,-194.0,-0.10743527569588804,0,0.0,0.0,0
2020-08-28 09:00:00+00:00,50490.0,50771.0,-281.0,-0.13335608762445667,0,0.0,0.0,0
2020-08-28 10:00:00+00:00,51550.0,51939.0,-389.0,-0.16562465914206917,0,0.0,0.0,0
2020-08-28 11:00:00+00:00,50271.0,51144.0,-873.0,-0.31185211719081585,0,0.0,0.0,0
2020-08-28 12:00:00+00:00,48729.0,50570.0,-1841.0,-0.6046733689928457,0,0.0,0.10467336899284574,0
2020-08-28 13:00:00+00:00,47187.0,49351.0,-2164.0,-0.7003945109361598,0,0.0,0.3050678799290055,0
2020-08-28 14:00:00+00:00,45666.0,48241.0,-2575.0,-0.822250176586821,0,0.0,0.6273180565158265,0
2020-08-28 15:00:00+00:00,44917.0,47372.0,-2455.0,-0.7819885442757001,0,0.0,0.9093066007915267,0
2020-08-28 16:00:00+00:00,45318.0,47986.0,-2668.0,-0.843265753982239,0,0.0,1.2525723547737657,0
2020-08-28 17:00:00+00:00,45507.0,48163.0,-2656.0,-0.8356619806882537,0,0.0,1.5882343354620194,0
2020-08-28 18:00:00+00:00,44186.0,46337.0,-2151.0,-0.6779060468575108,0,0.0,1.7661403823195303,0
2020-08-28 19:00:00+00:00,43539.0,45403.0,-1864.0,-0.5875087124364345,0,0.0,1.8536490947559647,0
2020-08-28 20:00:00+00:00,43771.0,45398.0,-1627.0,-0.5127542879070016,0,0.0,1.8664033826629662,0
2020-08-28 21:00:00+00:00,44019.0,45515.0,-1496.0,-0.4707743080809111,0,0.0,1.8371776907438773,0
2020-08-28 22:00:00+00:00,40367.0,41822.0,-1455.0,-0.45661601298811005,0,0.0,1.7937937037319873,0
2020-08-28 23:00:00+00:00,37493.0,39360.0,-1867.0,-0.5822363452633267,0,0.0,1.8760300489953141,0
2020-08-29 00:00:00+00:00,35906.0,37914.0,-2008.0,-0.6237174083707779,0,0.0,1.9997474573660918,0
2020-08-29 01:00:00+00:00,33839.0,36059.0,-2220.0,-0.6869787202905023,0,0.0,2.186726177656594,0
2020-08-29 02:00:00+00:00,32784.0,35504.0,-2720.0,-0.83893421186181,0,0.0,2.525660389518404,0
2020-08-29 03:00:00+00:00,33153.0,36977.0,-3824.0,-1.1756597576559353,0,0.0,3.2013201471743393,0
2020-08-29 04:00:00+00:00,34080.0,39835.0,-5755.0,-1.7579143142828937,0,0.0,4.459234461457233,0
2020-08-29 05:00:00+00:00,34600.0,42108.0,-7508.0,-2.263966312094565,0,0.0,6.223200773551797,1
2020-08-29 06:00:00+00:00,36885.0,45279.0,-8394.0,-2.4879649384320794,0,0.0,8.211165711983877,1
2020-08-29 07:00:00+00:00,39676.0,47755.0,-8079.0,-2.3524362766288305,0,0.0,10.063601988612708,1
2020-08-29 08:00:00+00:00,41306.0,49255.0,-7949.0,-2.27689521116268,0,0.0,11.840497199775388,1
2020-08-29 09:00:00+00:00,42546.0,50490.0,-7944.0,-2.2404434044193233,0,0.0,13.580940604194712,1
2020-08-29 10:00:00+00:00,44534.0,51550.0,-7016.0,-1.9453725548854464,0,0.0,15.026313159080159,1
2020-08-29 11:00:00+00:00,43002.0,50271.0,-7269.0,-1.9934395598684114,0,0.0,16.51975271894857,1
2020-08-29 12:00:00+00:00,41568.0,48729.0,-7161.0,-1.9389023624935422,0,0.0,17.958655081442114,1
2020-08-29 13:00:00+00:00,40342.0,47187.0,-6845.0,-1.8285160671935117,0,0.0,19.287171148635625,1
2020-08-29 14:00:00+00:00,39145.0,45666.0,-6521.0,-1.7193810182035714,0,0.0,20.506552166839196,1
2020-08-29 15:00:00+00:00,38941.0,44917.0,-5976.0,-1.5520793385628628,0,0.0,21.558631505402058,1
2020-08-29 16:00:00+00:00,39792.0,45318.0,-5526.0,-1.414764973539045,0,0.0,22.473396478941105,1
2020-08-29 17:00:00+00:00,40652.0,45507.0,-4855.0,-1.2187015745519456,0,0.0,23.19209805349305,1
2020-08-29 18:00:00+00:00,40358.0,44186.0,-3828.0,-0.9261481292481604,0,0.0,23.618246182741213,1
2020-08-29 19:00:00+00:00,39983.0,43539.0,-3556.0,-0.8462377234754936,0,0.0,23.964483906216707,1
2020-08-29 20:00:00+00:00,40607.0,43771.0,-3164.0,-0.7333472389425911,0,0.0,24.1978311451593,1
2020-08-29 21:00:00+00:00,41477.0,44019.0,-2542.0,-0.5565849887571501,0,0.0,24.25441613391645,1
2020-08-29 22:00:00+00:00,38337.0,40367.0,-2030.0,-0.4111366672019854,0,0.0,24.165552801118437,1
2020-08-29 23:00:00+00:00,35777.0,37493.0,-1716.0,-0.3216223274768747,0,0.0,23.98717512859531,1
2020-08-30 00:00:00+00:00,34076.0,35906.0,-1830.0,-0.3529538793439937,0,0.0,23.840129007939304,1
2020-08-30 01:00:00+00:00,31793.0,33839.0,-2046.0,-0.4130807264245406,0,0.0,23.753209734363843,1
2020-08-30 02:00:00+00:00,30532.0,32784.0,-2252.0,-0.47027907167189964,0,0.0,23.723488806035743,1
2020-08-30 03:00:00+00:00,30572.0,33153.0,-2581.0,-0.5622195770269439,0,0.0,23.785708383062687,1
2020-08-30 04:00:00+00:00,31105.0,34080.0,-2975.0,-0.6723022958144232,0,0.0,23.95801067887711,1
2020-08-30 05:00:00+00:00,31171.0,34600.0,-3429.0,-0.798897662572912,0,0.0,24.25690834145002,1
2020-08-30 06:00:00+00:00,33269.0,36885.0,-3616.0,-0.8489754175082073,0,0.0,24.605883758958228,1
2020-08-30 07:00:00+00:00,36308.0,39676.0,-3368.0,-0.7752377420102478,0,0.0,24.881121500968476,1
2020-08-30 08:00:00+00:00,38684.0,41306.0,-2622.0,-0.5600901720153056,0,0.0,24.94121167298378,1
2020-08-30 09:00:00+00:00,40850.0,42546.0,-1696.0,-0.2939677658568584,0,0.0,24.73517943884064,1
2020-08-30 10:00:00+00:00,43287.0,44534.0,-1247.0,-0.16463310557948738,0,0.0,24.399812544420126,1
2020-08-30 11:00:00+00:00,41211.0,43002.0,-1791.0,-0.3204283638145691,0,0.0,24.220240908234693,1
2020-08-30 12:00:00+00:00,38943.0,41568.0,-2625.0,-0.5593346420860796,0,0.0,24.27957555032077,1
2020-08-30 13:00:00+00:00,37692.0,40342.0,-2650.0,-0.5649041343175855,0,0.0,24.344479684638358,1
2020-08-30 14:00:00+00:00,36797.0,39145.0,-2348.0,-0.4762470108767449,0,0.0,24.320726695515102,1
2020-08-30 15:00:00+00:00,37060.0,38941.0,-1881.0,-0.34008014008473314,0,0.0,24.160806835599836,1
2020-08-30 16:00:00+00:00,38431.0,39792.0,-1361.0,-0.18866559874342834,0,0.0,23.849472434343262,1
2020-08-30 17:00:00+00:00,39941.0,40652.0,-711.0,0.0004691205385214493,0,0.0,23.34900331380474,1
2020-08-30 18:00:00+00:00,40375.0,40358.0,17.0,0.212285268558266,0,0.0,22.636718045246475,1
2020-08-30 19:00:00+00:00,40410.0,39983.0,427.0,0.33130411578935937,0,0.0,21.805413929457117,1
2020-08-30 20:00:00+00:00,40631.0,40607.0,24.0,0.2128336495086274,0,0.0,21.09258027994849,1
2020-08-30 21:00:00+00:00,41413.0,41477.0,-64.0,0.18660286004575974,0,0.0,20.40597741990273,1
2020-08-30 22:00:00+00:00,38212.0,38337.0,-125.0,0.1683008362207699,0,0.0,19.73767658368196,1
2020-08-30 23:00:00+00:00,35745.0,35777.0,-32.0,0.1952706984894003,0,0.0,19.04240588519256,1
2020-08-31 00:00:00+00:00,34335.0,34076.0,259.0,0.2805409461487505,0,0.0,18.26186493904381,1
2020-08-31 01:00:00+00:00,32382.0,31793.0,589.0,0.3772480103051693,0,0.0,17.38461692873864,1
2020-08-31 02:00:00+00:00,32226.0,30532.0,1694.0,0.7024937830545528,0,0.2024937830545528,16.182123145684088,1
2020-08-31 03:00:00+00:00,34533.0,30572.0,3961.0,1.366744256811116,0,1.069238039865669,14.31537888887297,1
2020-08-31 04:00:00+00:00,38571.0,31105.0,7466.0,2.3712141814625087,0,2.9404522213281776,11.444164707410462,1
2020-08-31 05:00:00+00:00,41885.0,31171.0,10714.0,3.2432198371302667,1,5.683672058458445,7.700944870280194,1
2020-08-31 06:00:00+00:00,45230.0,33269.0,11961.0,3.5014933206213383,1,8.685165379079784,3.699451549658856,1
2020-08-31 07:00:00+00:00,47460.0,36308.0,11152.0,3.19809019349515,1,11.383255572574933,0.001361356163706251,1
2020-08-31 08:00:00+00:00,48564.0,38684.0,9880.0,2.796311934186199,0,13.679567506761131,0.0,1
2020-08-31 09:00:00+00:00,49726.0,40850.0,8876.0,2.4868303102518245,0,15.666397817012957,0.0,1
2020-08-31 10:00:00+00:00,50850.0,43287.0,7563.0,2.1108557297814676,0,17.277253546794423,0.0,1
2020-08-31 11:00:00+00:00,49916.0,41211.0,8705.0,2.382197449980525,0,19.159450996774947,0.0,1
2020-08-31 12:00:00+00:00,49058.0,38943.0,10115.0,2.707521772687166,0,21.366972769462112,0.0,1
2020-08-31 13:00:00+00:00,47753.0,37692.0,10061.0,2.649766895173769,0,23.51673966463588,0.0,1
2020-08-31 14:00:00+00:00,46179.0,36797.0,9382.0,2.4405114400459618,0,25.457251104681845,0.0,1
2020-08-31 15:00:00+00:00,45286.0,37060.0,8226.0,2.1225790546162573,0,27.0798301592981,0.0,1
2020-08-31 16:00:00+00:00,46246.0,38431.0,7815.0,1.9986122799917379,0,28.578442439289837,0.0,1
2020-08-31 17:00:00+00:00,47523.0,39941.0,7582.0,1.9220160413613443,0,30.000458480651183,0.0,1
2020-08-31 18:00:00+00:00,46209.0,40375.0,5834.0,1.475877237011127,0,30.97633571766231,0.0,1
2020-08-31 19:00:00+00:00,44776.0,40410.0,4366.0,1.1050452222405258,0,31.581380939902836,0.0,1
2020-08-31 20:00:00+00:00,44438.0,40631.0,3807.0,0.9621118366404917,0,32.043492776543324,0.0,1
2020-08-31 21:00:00+00:00,44775.0,41413.0,3362.0,0.8483576780508277,0,32.39185045459415,0.0,1
2020-08-31 22:00:00+00:00,41413.0,38212.0,3201.0,0.8056324629751113,0,32.69748291756926,0.0,1
2020-08-31 23:00:00+00:00,39016.0,35745.0,3271.0,0.8204502732555965,0,33.017933190824856,0.0,1
2020-09-01 00:00:00+00:00,37563.0,34335.0,3228.0,0.8071491487054341,0,33.32508233953029,0.0,1
2020-09-01 01:00:00+00:00,35381.0,32382.0,2999.0,0.7476959978935954,0,33.572778337423884,0.0,1
2020-09-01 02:00:00+00:00,34881.0,32226.0,2655.0,0.6598616750925579,0,33.73264001251644,0.0,1
2020-09-01 03:00:00+00:00,36611.0,34533.0,2078.0,0.5141746725299037,0,33.746814685046346,0.0,1
2020-09-01 04:00:00+00:00,40664.0,38571.0,2093.0,0.516698334392129,0,33.76351301943848,0.0,1
2020-09-01 05:00:00+00:00,44661.0,41885.0,2776.0,0.6862647191479427,0,33.94977773858642,0.0,1
2020-09-01 06:00:00+00:00,46816.0,45230.0,1586.0,0.38638151470229043,0,33.83615925328871,0.0,1
2020-09-01 07:00:00+00:00,48363.0,47460.0,903.0,0.21404864008004068,0,33.55020789336876,0.0,1
2020-09-01 08:00:00+00:00,49432.0,48564.0,868.0,0.20482665484036977,0,33.255034548209125,0.0,1
2020-09-01 09:00:00+00:00,50471.0,49726.0,745.0,0.1734251160855533,0,32.92845966429468,0.0,1
2020-09-01 10:00:00+00:00,51406.0,50850.0,556.0,0.12536092053543846,0,32.55382058483011,0.0,1
2020-09-01 11:00:00+00:00,50205.0,49916.0,289.0,0.05756276223600567,0,32.111383347066116,0.0,1
2020-09-01 12:00:00+00:00,49206.0,49058.0,148.0,0.021709592961834518,0,31.63309294002795,0.0,1
2020-09-01 13:00:00+00:00,47764.0,47753.0,11.0,-0.013128024463916907,0,31.119964915564033,0.0,1
2020-09-01 14:00:00+00:00,46334.0,46179.0,155.0,0.023539280293043585,0,30.643504195857076,0.0,1
2020-09-01 15:00:00+00:00,45686.0,45286.0,400.0,0.08595490776526916,0,30.229459103622347,0.0,1
2020-09-01 16:00:00+00:00,46811.0,46246.0,565.0,0.1279372018180343,0,29.857396305440382,0.0,1
2020-09-01 17:00:00+00:00,47526.0,47523.0,3.0,-0.01608388159404304,0,29.34131242384634,0.0,1
2020-09-01 18:00:00+00:00,46229.0,46209.0,20.0,-0.01169766570347181,0,28.829614758142867,0.0,1
2020-09-01 19:00:00+00:00,45055.0,44776.0,279.0,0.05483029146135199,0,28.38444504960422,0.0,1
2020-09-01 20:00:00+00:00,44575.0,44438.0,137.0,0.01820389490659058,0,27.902648944510812,0.0,1
2020-09-01 21:00:00+00:00,44773.0,44775.0,-2.0,-0.01764985698355439,0,27.38499908752726,0.0,1
2020-09-01 22:00:00+00:00,41312.0,41413.0,-101.0,-0.043177483213210015,0,26.84182160431405,0.0,1
2020-09-01 23:00:00+00:00,38846.0,39016.0,-170.0,-0.06094674524476107,0,26.28087485906929,0.0,1
2020-09-02 00:00:00+00:00,37728.0,37563.0,165.0,0.025954399583197646,0,25.80682925865249,0.0,1
2020-09-02 01:00:00+00:00,35794.0,35381.0,413.0,0.09027545325508318,0,25.39710471190757,0.0,1
2020-09-02 02:00:00+00:00,35302.0,34881.0,421.0,0.09219722712708851,0,24.989301939034657,0.0,1
2020-09-02 03:00:00+00:00,37072.0,36611.0,461.0,0.10245388639411586,0,24.591755825428773,0.0,1
2020-09-02 04:00:00+00:00,41036.0,40664.0,372.0,0.07905556927718436,0,24.170811394705957,0.0,1
2020-09-02 05:00:00+00:00,44479.0,44661.0,-182.0,-0.06587287043804743,0,23.60493852426791,0.0,1
2020-09-02 06:00:00+00:00,47511.0,46816.0,695.0,0.16384163294778864,0,23.2687801572157,0.0,1
2020-09-02 07:00:00+00:00,49190.0,48363.0,827.0,0.19816592247954293,0,22.966946079695244,0.0,1
2020-09-02 08:00:00+00:00,49834.0,49432.0,402.0,0.0861844648636045,0,22.553130544558847,0.0,1
2020-09-02 09:00:00+00:00,50634.0,50471.0,163.0,0.023148100730390597,0,22.07627864528924,0.0,1
2020-09-02 10:00:00+00:00,51888.0,51406.0,482.0,0.1071921254158037,0,21.683470770705043,0.0,1
2020-09-02 11:00:00+00:00,50845.0,50205.0,640.0,0.1487235992922918,0,21.332194369997335,0.0,1
2020-09-02 12:00:00+00:00,49932.0,49206.0,726.0,0.1712102990846368,0,21.003404669081974,0.0,1
2020-09-02 13:00:00+00:00,48495.0,47764.0,731.0,0.17223969075571788,0,20.67564435983769,0.0,1
2020-09-02 14:00:00+00:00,47216.0,46334.0,882.0,0.21200384132787745,0,20.387648201165568,0.0,1
2020-09-02 15:00:00+00:00,46547.0,45686.0,861.0,0.2060554275524703,0,20.09370362871804,0.0,1
2020-09-02 16:00:00+00:00,47583.0,46811.0,772.0,0.18201181443964368,0,19.775715443157683,0.0,1
2020-09-02 17:00:00+00:00,48412.0,47526.0,886.0,0.2120916964464945,0,19.48780713960418,0.0,1
2020-09-02 18:00:00+00:00,47104.0,46229.0,875.0,0.20878979737870576,0,19.196596936982885,0.0,1
2020-09-02 19:00:00+00:00,45668.0,45055.0,613.0,0.1383616182176608,0,18.834958555200547,0.0,1
2020-09-02 20:00:00+00:00,45232.0,44575.0,657.0,0.1499183247052725,0,18.48487687990582,0.0,1
2020-09-02 21:00:00+00:00,45482.0,44773.0,709.0,0.16362118389258015,0,18.1484980637984,0.0,1
2020-09-02 22:00:00+00:00,42108.0,41312.0,796.0,0.18672896889023716,0,17.835227032688636,0.0,1
2020-09-02 23:00:00+00:00,39756.0,38846.0,910.0,0.21709993806999975,0,17.552326970758635,0.0,1
2020-09-03 00:00:00+00:00,38311.0,37728.0,583.0,0.1285765726280474,0,17.180903543386684,0.0,1
2020-09-03 01:00:00+00:00,36142.0,35794.0,348.0,0.06490413853896498,0,16.745807681925648,0.0,1
2020-09-03 02:00:00+00:00,35544.0,35302.0,242.0,0.036126764206097346,0,16.281934446131746,0.0,1
2020-09-03 03:00:00+00:00,37142.0,37072.0,70.0,-0.01053268532199798,0,15.771401760809749,0.0,1
2020-09-03 04:00:00+00:00,41346.0,41036.0,310.0,0.054614576181721546,0,15.32601633699147,0.0,1
2020-09-03 05:00:00+00:00,45013.0,44479.0,534.0,0.11541171430574466,0,14.941428051297216,0.0,1
2020-09-03 06:00:00+00:00,47144.0,47511.0,-367.0,-0.13006019194410143,0,14.311367859353114,0.0,1
2020-09-03 07:00:00+00:00,48889.0,49190.0,-301.0,-0.11185621491011954,0,13.699511644442994,0.0,1
2020-09-03 08:00:00+00:00,49712.0,49834.0,-122.0,-0.06279433514579436,0,13.1367173092972,0.0,1
2020-09-03 09:00:00+00:00,50488.0,50634.0,-146.0,-0.0692601748811914,0,12.567457134416008,0.0,1
2020-09-03 10:00:00+00:00,51510.0,51888.0,-378.0,-0.13270870559760992,0,11.934748428818398,0.0,1
2020-09-03 11:00:00+00:00,50652.0,50845.0,-193.0,-0.08173822592988052,0,11.353010202888518,0.0,1
2020-09-03 12:00:00+00:00,49870.0,49932.0,-62.0,-0.04560927145869706,0,10.807400931429822,0.0,1
2020-09-03 13:00:00+00:00,48773.0,48495.0,278.0,0.04804745210297204,0,10.355448383532794,0.0,1
2020-09-03 14:00:00+00:00,47502.0,47216.0,286.0,0.05017852193234188,0,9.905626905465136,0.0,1
2020-09-03 15:00:00+00:00,46664.0,46547.0,117.0,0.0034381628931577594,0,9.409065068358293,0.0,1
2020-09-03 16:00:00+00:00,47932.0,47583.0,349.0,0.06759032697848837,0,8.976655395336781,0.0,1
2020-09-03 17:00:00+00:00,48668.0,48412.0,256.0,0.04172859214617344,0,8.518383987482954,0.0,1
2020-09-03 18:00:00+00:00,47146.0,47104.0,42.0,-0.017698122073146125,0,8.000685865409809,0.0,1
2020-09-03 19:00:00+00:00,45637.0,45668.0,-31.0,-0.037952353253912836,0,7.4627335121558955,0.0,1
2020-09-03 20:00:00+00:00,45261.0,45232.0,29.0,-0.021199699560398366,0,6.941533812595497,0.0,1
2020-09-03 21:00:00+00:00,45777.0,45482.0,295.0,0.052960409295273535,0,6.494494221890771,0.0,1
2020-09-03 22:00:00+00:00,42035.0,42108.0,-73.0,-0.049828883960273976,0,5.9446653379304975,0.0,1
2020-09-03 23:00:00+00:00,39441.0,39756.0,-315.0,-0.11739694916768853,0,5.327268388762809,0.0,1
2020-09-04 00:00:00+00:00,38129.0,38311.0,-182.0,-0.07998761532152991,0,4.747280773441279,0.0,0
2020-09-04 01:00:00+00:00,36256.0,36142.0,114.0,0.0031202308236253687,0,4.250401004264904,0.0,0
2020-09-04 02:00:00+00:00,35590.0,35544.0,46.0,-0.01597808189070729,0,3.734422922374197,0.0,0
2020-09-04 03:00:00+00:00,37282.0,37142.0,140.0,0.010479542085091173,0,3.244902464459288,0.0,0
2020-09-04 04:00:00+00:00,41397.0,41346.0,51.0,-0.014356182745703164,0,2.730546281713585,0.0,0
2020-09-04 05:00:00+00:00,45211.0,45013.0,198.0,0.027445590572407023,0,2.257991872285992,0.0,0
2020-09-04 06:00:00+00:00,47727.0,47144.0,583.0,0.13578252359190918,0,1.8937743958779012,0.0,0
2020-09-04 07:00:00+00:00,49547.0,48889.0,658.0,0.15654154558320643,0,1.5503159414611076,0.0,0
2020-09-04 08:00:00+00:00,50352.0,49712.0,640.0,0.1510390564313497,0,1.2013549978924574,0.0,0
2020-09-04 09:00:00+00:00,51175.0,50488.0,687.0,0.1637334201514761,0,0.8650884180439335,0.0,0
2020-09-04 10:00:00+00:00,52104.0,51510.0,594.0,0.13706907259237802,0,0.5021574906363115,0.0,0
2020-09-04 11:00:00+00:00,51332.0,50652.0,680.0,0.1608042689559765,0,0.1629617595922881,0.0,0
2020-09-04 12:00:00+00:00,50096.0,49870.0,226.0,0.032731879038357524,0,0.0,0.0,0
2020-09-04 13:00:00+00:00,48751.0,48773.0,-22.0,-0.037002217358681984,0,0.0,0.0,0
2020-09-04 14:00:00+00:00,47214.0,47502.0,-288.0,-0.11189254232544102,0,0.0,0.0,0
2020-09-04 15:00:00+00:00,46827.0,46664.0,163.0,0.014575383556442957,0,0.0,0.0,0
2020-09-04 16:00:00+00:00,47249.0,47932.0,-683.0,-0.22473209826535004,0,0.0,0.0,0
2020-09-04 17:00:00+00:00,47107.0,48668.0,-1561.0,-0.47287447835564395,0,0.0,0.0,0
2020-09-04 18:00:00+00:00,46156.0,47146.0,-990.0,-0.31249768285074536,0,0.0,0.0,0
2020-09-04 19:00:00+00:00,45016.0,45637.0,-621.0,-0.2090612751157403,0,0.0,0.0,0
2020-09-04 20:00:00+00:00,44952.0,45261.0,-309.0,-0.12164561868610112,0,0.0,0.0,0
2020-09-04 21:00:00+00:00,45246.0,45777.0,-531.0,-0.18446908328868722,0,0.0,0.0,0
2020-09-04 22:00:00+00:00,41462.0,42035.0,-573.0,-0.19623985258254667,0,0.0,0.0,0
2020-09-04 23:00:00+00:00,38472.0,39441.0,-969.0,-0.307626620008542,0,0.0,0.0,0
2020-09-05 00:00:00+00:00,36615.0,38129.0,-1514.0,-0.4606199725928041,0,0.0,0.0,0
2020-09-05 01:00:00+00:00,34291.0,36256.0,-1965.0,-0.5867984272939729,0,0.0,0.08679842729397291,0
2020-09-05 02:00:00+00:00,33193.0,35590.0,-2397.0,-0.7067899796828149,0,0.0,0.2935884069767878,0
2020-09-05 03:00:00+00:00,33426.0,37282.0,-3856.0,-1.1151097282286553,0,0.0,0.9086981352054431,0
2020-09-05 04:00:00+00:00,34705.0,41397.0,-6692.0,-1.9046007796755944,0,0.0,2.3132989148810372,0
2020-09-05 05:00:00+00:00,35406.0,45211.0,-9805.0,-2.7540859052052724,0,0.0,4.56738482008631,0
2020-09-05 06:00:00+00:00,37776.0,47727.0,-9951.0,-2.7729788130646686,0,0.0,6.840363633150979,1
2020-09-05 07:00:00+00:00,40530.0,49547.0,-9017.0,-2.501406593555749,0,0.0,8.841770226706728,1
2020-09-05 08:00:00+00:00,41869.0,50352.0,-8483.0,-2.3441338023800893,0,0.0,10.685904029086817,1
2020-09-05 09:00:00+00:00,43127.0,51175.0,-8048.0,-2.2172689791671143,0,0.0,12.403173008253932,1
2020-09-05 10:00:00+00:00,45284.0,52104.0,-6820.0,-1.8788121680675824,0,0.0,13.781985176321514,1
2020-09-05 11:00:00+00:00,44088.0,51332.0,-7244.0,-1.9914951348866954,0,0.0,15.27348031120821,1
2020-09-05 12:00:00+00:00,42469.0,50096.0,-7627.0,-2.0930248844842305,0,0.0,16.86650519569244,1
2020-09-05 13:00:00+00:00,41033.0,48751.0,-7718.0,-2.1147712410613595,0,0.0,18.4812764367538,1
2020-09-05 14:00:00+00:00,39933.0,47214.0,-7281.0,-1.9929228014407567,0,0.0,19.974199238194554,1
2020-09-05 15:00:00+00:00,39653.0,46827.0,-7174.0,-1.9586599863412297,0,0.0,21.432859224535783,1
2020-09-05 16:00:00+00:00,40599.0,47249.0,-6650.0,-1.8114097475175324,0,0.0,22.744268972053316,1
2020-09-05 17:00:00+00:00,41360.0,47107.0,-5747.0,-1.5635679423301074,0,0.0,23.807836914383422,1
2020-09-05 18:00:00+00:00,41285.0,46156.0,-4871.0,-1.3240758683307121,0,0.0,24.631912782714135,1
2020-09-05 19:00:00+00:00,40800.0,45016.0,-4216.0,-1.1451005567124684,0,0.0,25.277013339426603,1
2020-09-05 20:00:00+00:00,41333.0,44952.0,-3619.0,-0.9824923708406357,0,0.0,25.759505710267238,1
2020-09-05 21:00:00+00:00,42152.0,45246.0,-3094.0,-0.8398161385178665,0,0.0,26.099321848785106,1
2020-09-05 22:00:00+00:00,38819.0,41462.0,-2643.0,-0.7175628631850993,0,0.0,26.316884711970204,1
2020-09-05 23:00:00+00:00,36411.0,38472.0,-2061.0,-0.5606560566950934,0,0.0,26.3775407686653,1
2020-09-06 00:00:00+00:00,34897.0,36615.0,-1718.0,-0.46841657250073226,0,0.0,26.34595734116603,1
2020-09-06 01:00:00+00:00,32654.0,34291.0,-1637.0,-0.4467450697330874,0,0.0,26.292702410899118,1
2020-09-06 02:00:00+00:00,31478.0,33193.0,-1715.0,-0.468024774284568,0,0.0,26.260727185183686,1
2020-09-06 03:00:00+00:00,31502.0,33426.0,-1924.0,-0.5246789368424603,0,0.0,26.285406122026146,1
2020-09-06 04:00:00+00:00,32223.0,34705.0,-2482.0,-0.6753637778365635,0,0.0,26.460769899862708,1
2020-09-06 05:00:00+00:00,32207.0,35406.0,-3199.0,-0.8684061060299824,0,0.0,26.82917600589269,1
2020-09-06 06:00:00+00:00,34275.0,37776.0,-3501.0,-0.9494541275457113,0,0.0,27.2786301334384,1
2020-09-06 07:00:00+00:00,37230.0,40530.0,-3300.0,-0.8953366697011451,0,0.0,27.673966803139546,1
2020-09-06 08:00:00+00:00,39354.0,41869.0,-2515.0,-0.6842169675604948,0,0.0,27.85818377070004,1
2020-09-06 09:00:00+00:00,41060.0,43127.0,-2067.0,-0.5638377462239188,0,0.0,27.92202151692396,1
2020-09-06 10:00:00+00:00,43618.0,45284.0,-1666.0,-0.456253679655127,0,0.0,27.878275196579086,1
2020-09-06 11:00:00+00:00,41872.0,44088.0,-2216.0,-0.6051963944751015,0,0.0,27.983471591054187,1
2020-09-06 12:00:00+00:00,39760.0,42469.0,-2709.0,-0.7390051185160387,0,0.0,28.222476709570227,1
2020-09-06 13:00:00+00:00,38285.0,41033.0,-2748.0,-0.7503466940184241,0,0.0,28.472823403588652,1
2020-09-06 14:00:00+00:00,37265.0,39933.0,-2668.0,-0.7296886289327116,0,0.0,28.702512032521362,1
2020-09-06 15:00:00+00:00,37505.0,39653.0,-2148.0,-0.5906014128317117,0,0.0,28.793113445353075,1
2020-09-06 16:00:00+00:00,39149.0,40599.0,-1450.0,-0.40339878753558567,0,0.0,28.69651223288866,1
2020-09-06 17:00:00+00:00,41066.0,41360.0,-294.0,-0.09168156285482637,0,0.0,28.28819379574349,1
2020-09-06 18:00:00+00:00,41709.0,41285.0,424.0,0.10183209514485989,0,0.0,27.686361700598628,1
2020-09-06 19:00:00+00:00,41038.0,40800.0,238.0,0.05090467526925928,0,0.0,27.13545702532937,1
2020-09-06 20:00:00+00:00,41032.0,41333.0,-301.0,-0.09521090415340591,0,0.0,26.730667929482774,1
2020-09-06 21:00:00+00:00,41702.0,42152.0,-450.0,-0.13532102477601585,0,0.0,26.36598895425879,1
2020-09-06 22:00:00+00:00,38839.0,38819.0,20.0,-0.008129722636734345,0,0.0,25.874118676895524,1
2020-09-06 23:00:00+00:00,36597.0,36411.0,186.0,0.03659104914020166,0,0.0,25.33752762775532,1
2020-09-07 00:00:00+00:00,35203.0,34897.0,306.0,0.06871079982083432,0,0.0,24.768816827934486,1
2020-09-07 01:00:00+00:00,33312.0,32654.0,658.0,0.16367489760401513,0,0.0,24.105141930330472,1
2020-09-07 02:00:00+00:00,33072.0,31478.0,1594.0,0.4166870857728363,0,0.0,23.188454844557636,1
2020-09-07 03:00:00+00:00,35403.0,31502.0,3901.0,1.0398475806051857,0,0.5398475806051857,21.64860726395245,1
2020-09-07 04:00:00+00:00,40336.0,32223.0,8113.0,2.1698971283017507,0,2.2097447089069364,18.978710135650697,1
2020-09-07 05:00:00+00:00,44364.0,32207.0,12157.0,3.229320035131186,1,4.939064744038122,15.249390100519511,1
2020-09-07 06:00:00+00:00,46732.0,34275.0,12457.0,3.2849520500479272,1,7.724016794086049,11.464438050471584,1
2020-09-07 07:00:00+00:00,48262.0,37230.0,11032.0,2.8965209649010673,0,10.120537758987115,8.067917085570517,1
2020-09-07 08:00:00+00:00,48982.0,39354.0,9628.0,2.5208752814458593,0,12.141413040432974,5.0470418041246585,1
2020-09-07 09:00:00+00:00,49784.0,41060.0,8724.0,2.281625913999252,0,13.923038954432226,2.2654158901254067,1
2020-09-07 10:00:00+00:00,50814.0,43618.0,7196.0,1.8804210792904206,0,15.303460033722647,0.0,1
2020-09-07 11:00:00+00:00,50068.0,41872.0,8196.0,2.146056131065399,0,16.949516164788047,0.0,1
2020-09-07 12:00:00+00:00,49173.0,39760.0,9413.0,2.467678662085238,0,18.917194826873285,0.0,1
2020-09-07 13:00:00+00:00,47786.0,38285.0,9501.0,2.4906539163852797,0,20.907848743258565,0.0,1
2020-09-07 14:00:00+00:00,46446.0,37265.0,9181.0,2.4056298577903696,0,22.813478601048935,0.0,1
2020-09-07 15:00:00+00:00,45672.0,37505.0,8167.0,2.138690365665812,0,24.452168966714748,0.0,1
2020-09-07 16:00:00+00:00,46795.0,39149.0,7646.0,2.0011672704614907,0,25.953336237176238,0.0,1
2020-09-07 17:00:00+00:00,47904.0,41066.0,6838.0,1.788237293982073,0,27.24157353115831,0.0,1
2020-09-07 18:00:00+00:00,46885.0,41709.0,5176.0,1.3490059851099325,0,28.090579516268242,0.0,1
2020-09-07 19:00:00+00:00,45031.0,41038.0,3993.0,1.035898155449699,0,28.626477671717943,0.0,1
2020-09-07 20:00:00+00:00,44602.0,41032.0,3570.0,0.9235506873524083,0,29.05002835907035,0.0,1
2020-09-07 21:00:00+00:00,45127.0,41702.0,3425.0,0.8841447707250573,0,29.434173129795408,0.0,1
2020-09-07 22:00:00+00:00,41539.0,38839.0,2700.0,0.69193123245699,0,29.6261043622524,0.0,1
2020-09-07 23:00:00+00:00,39137.0,36597.0,2540.0,0.6499044314951057,0,29.776008793747504,0.0,1
2020-09-08 00:00:00+00:00,37816.0,35203.0,2613.0,0.6696671531829328,0,29.945675946930436,0.0,1
2020-09-08 01:00:00+00:00,35825.0,33312.0,2513.0,0.6434572733993977,0,30.089133220329835,0.0,1
2020-09-08 02:00:00+00:00,35216.0,33072.0,2144.0,0.5458311731569364,0,30.134964393486772,0.0,1
2020-09-08 03:00:00+00:00,37078.0,35403.0,1675.0,0.4217535302601024,0,30.056717923746874,0.0,1
2020-09-08 04:00:00+00:00,41518.0,40336.0,1182.0,0.29135039978229527,0,29.84806832352917,0.0,1
2020-09-08 05:00:00+00:00,45371.0,44364.0,1007.0,0.24532972055764032,0,29.59339804408681,0.0,1
2020-09-08 06:00:00+00:00,47782.0,46732.0,1050.0,0.2570046049657488,0,29.35040264905256,0.0,1
2020-09-08 07:00:00+00:00,49217.0,48262.0,955.0,0.23194949873940918,0,29.08235214779197,0.0,1
2020-09-08 08:00:00+00:00,49921.0,48982.0,939.0,0.227701024846338,0,28.810053172638305,0.0,1
2020-09-08 09:00:00+00:00,50905.0,49784.0,1121.0,0.2756151809049939,0,28.585668353543298,0.0,1
2020-09-08 10:00:00+00:00,51851.0,50814.0,1037.0,0.2528404938899639,0,28.33850884743326,0.0,1
2020-09-08 11:00:00+00:00,50975.0,50068.0,907.0,0.21808473050399174,0,28.056593577937253,0.0,1
2020-09-08 12:00:00+00:00,50326.0,49173.0,1153.0,0.28342629293562277,0,27.840019870872876,0.0,1
2020-09-08 13:00:00+00:00,48829.0,47786.0,1043.0,0.2546164559274617,0,27.594636326800337,0.0,1
2020-09-08 14:00:00+00:00,47744.0,46446.0,1298.0,0.3224205339928877,0,27.417056860793224,0.0,1
2020-09-08 15:00:00+00:00,47238.0,45672.0,1566.0,0.3932052942753668,0,27.310262155068592,0.0,1
2020-09-08 16:00:00+00:00,48130.0,46795.0,1335.0,0.3318258824300809,0,27.142088037498674,0.0,1
2020-09-08 17:00:00+00:00,48764.0,47904.0,860.0,0.20556689026901165,0,26.847654927767685,0.0,1
2020-09-08 18:00:00+00:00,47902.0,46885.0,1017.0,0.24654979972667468,0,26.59420472749436,0.0,1
2020-09-08 19:00:00+00:00,46030.0,45031.0,999.0,0.24134060446564765,0,26.33554533196001,0.0,1
2020-09-08 20:00:00+00:00,45545.0,44602.0,943.0,0.22627817273670822,0,26.06182350469672,0.0,1
2020-09-08 21:00:00+00:00,45607.0,45127.0,480.0,0.10374615967211975,0,25.66556966436884,0.0,1
2020-09-08 22:00:00+00:00,41989.0,41539.0,450.0,0.09595778770717868,0,25.261527452076017,0.0,1
2020-09-08 23:00:00+00:00,39433.0,39137.0,296.0,0.0553602541734685,0,24.816887706249485,0.0,1
2020-09-09 00:00:00+00:00,37964.0,37816.0,148.0,0.0165052974653507,0,24.333393003714836,0.0,1
2020-09-09 01:00:00+00:00,35999.0,35825.0,174.0,0.023765776992415385,0,23.857158780707252,0.0,1
2020-09-09 02:00:00+00:00,35524.0,35216.0,308.0,0.059581949882742645,0,23.416740730589993,0.0,1
2020-09-09 03:00:00+00:00,37176.0,37078.0,98.0,0.004436223174154859,0,22.92117695376415,0.0,1
2020-09-09 04:00:00+00:00,41323.0,41518.0,-195.0,-0.07235002247675877,0,22.34882693128739,0.0,1
2020-09-09 05:00:00+00:00,44799.0,45371.0,-572.0,-0.17132959033151943,0,21.67749734095587,0.0,1
2020-09-09 06:00:00+00:00,47645.0,47782.0,-137.0,-0.05529797218007249,0,21.1221993687758,0.0,1
2020-09-09 07:00:00+00:00,49464.0,49217.0,247.0,0.046872806164900756,0,20.669072174940702,0.0,1
2020-09-09 08:00:00+00:00,50452.0,49921.0,531.0,0.12242673779227244,0,20.291498912732973,0.0,1
2020-09-09 09:00:00+00:00,51585.0,50905.0,680.0,0.1622644781483598,0,19.95376339088133,0.0,1
2020-09-09 10:00:00+00:00,53015.0,51851.0,1164.0,0.2906179570289378,0,19.74438134791027,0.0,1
2020-09-09 11:00:00+00:00,51626.0,50975.0,651.0,0.1546742239269736,0,19.399055571837245,0.0,1
2020-09-09 12:00:00+00:00,50842.0,50326.0,516.0,0.11877002457439283,0,19.017825596411637,0.0,1
2020-09-09 13:00:00+00:00,49902.0,48829.0,1073.0,0.26583477835243374,0,18.78366037476407,0.0,1
2020-09-09 14:00:00+00:00,48557.0,47744.0,813.0,0.1964668613376692,0,18.48012723610174,0.0,1
2020-09-09 15:00:00+00:00,47656.0,47238.0,418.0,0.09173597329155524,0,18.071863209393296,0.0,1
2020-09-09 16:00:00+00:00,48534.0,48130.0,404.0,0.08821872892806257,0,17.66008193832136,0.0,1
2020-09-09 17:00:00+00:00,49052.0,48764.0,288.0,0.05780410901911939,0,17.21788604734048,0.0,1
2020-09-09 18:00:00+00:00,48067.0,47902.0,165.0,0.025574899588792322,0,16.74346094692927,0.0,1
2020-09-09 19:00:00+00:00,45963.0,46030.0,-67.0,-0.03560764645105581,0,16.207853300478217,0.0,1
2020-09-09 20:00:00+00:00,45586.0,45545.0,41.0,-0.0068538872413206504,0,15.700999413236897,0.0,1
2020-09-09 21:00:00+00:00,45580.0,45607.0,-27.0,-0.02472958751999125,0,15.176269825716906,0.0,1
2020-09-09 22:00:00+00:00,42227.0,41989.0,238.0,0.04556125913847856,0,14.721831084855385,0.0,1
2020-09-09 23:00:00+00:00,39887.0,39433.0,454.0,0.10258643727554884,0,14.324417522130934,0.0,1
2020-09-10 00:00:00+00:00,38511.0,37964.0,547.0,0.12702009865916636,0,13.9514376207901,0.0,1
2020-09-10 01:00:00+00:00,36279.0,35999.0,280.0,0.05615299431705292,0,13.507590615107153,0.0,1
2020-09-10 02:00:00+00:00,35527.0,35524.0,3.0,-0.01711400064759091,0,12.990476614459562,0.0,1
2020-09-10 03:00:00+00:00,37162.0,37176.0,-14.0,-0.02144759892239,0,12.469029015537172,0.0,1
2020-09-10 04:00:00+00:00,41681.0,41323.0,358.0,0.077153644641741,0,12.046182660178914,0.0,1
2020-09-10 05:00:00+00:00,45607.0,44799.0,808.0,0.19629686908013597,0,11.74247952925905,0.0,1
2020-09-10 06:00:00+00:00,47889.0,47645.0,244.0,0.04698980807739113,0,11.289469337336442,0.0,1
2020-09-10 07:00:00+00:00,49660.0,49464.0,196.0,0.03459425689854642,0,10.824063594234989,0.0,1
2020-09-10 08:00:00+00:00,50551.0,50452.0,99.0,0.009306380686701627,0,10.333369974921691,0.0,1
2020-09-10 09:00:00+00:00,51685.0,51585.0,100.0,0.00987977872907022,0,9.843249753650761,0.0,1
2020-09-10 10:00:00+00:00,52733.0,53015.0,-282.0,-0.09087338001080125,0,9.25237637363996,0.0,1
2020-09-10 11:00:00+00:00,51713.0,51626.0,87.0,0.007567600991300387,0,8.75994397463126,0.0,1
2020-09-10 12:00:00+00:00,50999.0,50842.0,157.0,0.026608726078573734,0,8.286552700709835,0.0,1
2020-09-10 13:00:00+00:00,49933.0,49902.0,31.0,-0.006337145803936149,0,7.780215554905899,0.0,1
2020-09-10 14:00:00+00:00,48476.0,48557.0,-81.0,-0.03557721789702458,0,7.244638337008874,0.0,1
2020-09-10 15:00:00+00:00,47679.0,47656.0,23.0,-0.007660919121531064,0,6.736977417887343,0.0,1
2020-09-10 16:00:00+00:00,48589.0,48534.0,55.0,0.0010329402803953877,0,6.238010358167738,0.0,1
2020-09-10 17:00:00+00:00,48999.0,49052.0,-53.0,-0.027394309667988375,0,5.71061604849975,0.0,1
2020-09-10 18:00:00+00:00,47935.0,48067.0,-132.0,-0.04815884559135811,0,5.162457202908392,0.0,1
2020-09-10 19:00:00+00:00,45627.0,45963.0,-336.0,-0.10232701245680215,0,4.56013019045159,0.0,0
2020-09-10 20:00:00+00:00,45076.0,45586.0,-510.0,-0.14845081290199572,0,3.9116793775495937,0.0,0
2020-09-10 21:00:00+00:00,45242.0,45580.0,-338.0,-0.10280883949433073,0,3.308870538055263,0.0,0
2020-09-10 22:00:00+00:00,41461.0,42227.0,-766.0,-0.21604317220133523,0,2.592827365853928,0.0,0
2020-09-10 23:00:00+00:00,39268.0,39887.0,-619.0,-0.17678849009420583,0,1.916038875759722,0.0,0
2020-09-11 00:00:00+00:00,37956.0,38511.0,-555.0,-0.15965481390998676,0,1.2563840618497353,0.0,0
2020-09-11 01:00:00+00:00,36148.0,36279.0,-131.0,-0.047222031401335664,0,0.7091620304483996,0.0,0
2020-09-11 02:00:00+00:00,35610.0,35527.0,83.0,0.009353961130376195,0,0.21851599157877588,0.0,0
2020-09-11 03:00:00+00:00,37286.0,37162.0,124.0,0.02002745302976899,0,0.0,0.0,0
2020-09-11 04:00:00+00:00,41635.0,41681.0,-46.0,-0.02521551001940355,0,0.0,0.0,0
2020-09-11 05:00:00+00:00,45323.0,45607.0,-284.0,-0.08842660142494856,0,0.0,0.0,0
2020-09-11 06:00:00+00:00,47835.0,47889.0,-54.0,-0.0276862652001737,0,0.0,0.0,0
2020-09-11 07:00:00+00:00,49518.0,49660.0,-142.0,-0.05112049792426664,0,0.0,0.0,0
2020-09-11 08:00:00+00:00,50288.0,50551.0,-263.0,-0.08317026640783926,0,0.0,0.0,0
2020-09-11 09:00:00+00:00,51306.0,51685.0,-379.0,-0.11386981905838578,0,0.0,0.0,0
2020-09-11 10:00:00+00:00,52401.0,52733.0,-332.0,-0.10144509797642196,0,0.0,0.0,0
2020-09-11 11:00:00+00:00,51271.0,51713.0,-442.0,-0.13097963543018853,0,0.0,0.0,0
2020-09-11 12:00:00+00:00,50249.0,50999.0,-750.0,-0.21363274179874372,0,0.0,0.0,0
2020-09-11 13:00:00+00:00,48816.0,49933.0,-1117.0,-0.3119872003512684,0,0.0,0.0,0
2020-09-11 14:00:00+00:00,47450.0,48476.0,-1026.0,-0.28922413871480196,0,0.0,0.0,0
2020-09-11 15:00:00+00:00,46869.0,47679.0,-810.0,-0.23327424347932949,0,0.0,0.0,0
2020-09-11 16:00:00+00:00,47321.0,48589.0,-1268.0,-0.356351788112585,0,0.0,0.0,0
2020-09-11 17:00:00+00:00,47323.0,48999.0,-1676.0,-0.4658722169753211,0,0.0,0.0,0
2020-09-11 18:00:00+00:00,46842.0,47935.0,-1093.0,-0.3116777881782434,0,0.0,0.0,0
2020-09-11 19:00:00+00:00,44952.0,45627.0,-675.0,-0.2014057571128675,0,0.0,0.0,0
2020-09-11 20:00:00+00:00,44712.0,45076.0,-364.0,-0.11961691977727994,0,0.0,0.0,0
2020-09-11 21:00:00+00:00,44982.0,45242.0,-260.0,-0.09291544287011189,0,0.0,0.0,0
2020-09-11 22:00:00+00:00,41400.0,41461.0,-61.0,-0.04100556359729359,0,0.0,0.0,0
2020-09-11 23:00:00+00:00,38625.0,39268.0,-643.0,-0.19716453399784475,0,0.0,0.0,0
2020-09-12 00:00:00+00:00,37009.0,37956.0,-947.0,-0.27915823546356444,0,0.0,0.0,0
2020-09-12 01:00:00+00:00,34701.0,36148.0,-1447.0,-0.4132608154913956,0,0.0,0.0,0
2020-09-12 02:00:00+00:00,33624.0,35610.0,-1986.0,-0.5578626907317387,0,0.0,0.057862690731738664,0
2020-09-12 03:00:00+00:00,33845.0,37286.0,-3441.0,-0.946798237198146,0,0.0,0.5046609279298848,0
2020-09-12 04:00:00+00:00,35102.0,41635.0,-6533.0,-1.7698641099343744,0,0.0,1.774525037864259,0
2020-09-12 05:00:00+00:00,35867.0,45323.0,-9456.0,-2.5389086221326855,0,0.0,3.813433659996944,0
2020-09-12 06:00:00+00:00,37890.0,47835.0,-9945.0,-2.6595962475162165,0,0.0,5.97302990751316,1
2020-09-12 07:00:00+00:00,41043.0,49518.0,-8475.0,-2.268210973046814,0,0.0,7.741240880559975,1
2020-09-12 08:00:00+00:00,42686.0,50288.0,-7602.0,-2.038495680242078,0,0.0,9.279736560802053,1
2020-09-12 09:00:00+00:00,43892.0,51306.0,-7414.0,-1.9908252612723223,0,0.0,10.770561822074376,1
2020-09-12 10:00:00+00:00,46131.0,52401.0,-6270.0,-1.6898532244263593,0,0.0,11.960415046500735,1
2020-09-12 11:00:00+00:00,44904.0,51271.0,-6367.0,-1.7185698303123254,0,0.0,13.178984876813061,1
2020-09-12 12:00:00+00:00,43561.0,50249.0,-6688.0,-1.8055281489837418,0,0.0,14.484513025796803,1
2020-09-12 13:00:00+00:00,42428.0,48816.0,-6388.0,-1.7272169556713581,0,0.0,15.71172998146816,1
2020-09-12 14:00:00+00:00,41289.0,47450.0,-6161.0,-1.6679044531927485,0,0.0,16.879634434660908,1
2020-09-12 15:00:00+00:00,40982.0,46869.0,-5887.0,-1.595195594698602,0,0.0,17.97483002935951,1
2020-09-12 16:00:00+00:00,41751.0,47321.0,-5570.0,-1.5106608352566897,0,0.0,18.9854908646162,1
2020-09-12 17:00:00+00:00,42312.0,47323.0,-5011.0,-1.3614511936924034,0,0.0,19.846942058308603,1
2020-09-12 18:00:00+00:00,42557.0,46842.0,-4285.0,-1.1673207727757626,0,0.0,20.514262831084366,1
2020-09-12 19:00:00+00:00,41492.0,44952.0,-3460.0,-0.9478966184626939,0,0.0,20.96215944954706,1
2020-09-12 20:00:00+00:00,41890.0,44712.0,-2822.0,-0.7785288493233409,0,0.0,21.2406882988704,1
2020-09-12 21:00:00+00:00,42731.0,44982.0,-2251.0,-0.6268419081509935,0,0.0,21.367530207021392,1
2020-09-12 22:00:00+00:00,39579.0,41400.0,-1821.0,-0.51255954500958,0,0.0,21.380089752030973,1
2020-09-12 23:00:00+00:00,37124.0,38625.0,-1501.0,-0.4275507868708575,0,0.0,21.30764053890183,1
2020-09-13 00:00:00+00:00,35514.0,37009.0,-1495.0,-0.42627188208784933,0,0.0,21.23391242098968,1
2020-09-13 01:00:00+00:00,33161.0,34701.0,-1540.0,-0.4387477171185328,0,0.0,21.172660138108213,1
2020-09-13 02:00:00+00:00,32047.0,33624.0,-1577.0,-0.4492695408126003,0,0.0,21.121929678920814,1
2020-09-13 03:00:00+00:00,31929.0,33845.0,-1916.0,-0.540311421917905,0,0.0,21.16224110083872,1
2020-09-13 04:00:00+00:00,32586.0,35102.0,-2516.0,-0.7008083678841555,0,0.0,21.363049468722878,1
2020-09-13 05:00:00+00:00,32666.0,35867.0,-3201.0,-0.8837824009342332,0,0.0,21.74683186965711,1
2020-09-13 06:00:00+00:00,34496.0,37890.0,-3394.0,-0.9355876852925296,0,0.0,22.18241955494964,1
2020-09-13 07:00:00+00:00,37420.0,41043.0,-3623.0,-0.9962710512556862,0,0.0,22.678690606205326,1
2020-09-13 08:00:00+00:00,39781.0,42686.0,-2905.0,-0.8044349206263461,0,0.0,22.98312552683167,1
2020-09-13 09:00:00+00:00,41601.0,43892.0,-2291.0,-0.640082611866582,0,0.0,23.123208138698253,1
2020-09-13 10:00:00+00:00,44053.0,46131.0,-2078.0,-0.5824646692465022,0,0.0,23.205672807944755,1
2020-09-13 11:00:00+00:00,42602.0,44904.0,-2302.0,-0.6416001097347142,0,0.0,23.34727291767947,1
2020-09-13 12:00:00+00:00,41018.0,43561.0,-2543.0,-0.7059035663701021,0,0.0,23.553176484049573,1
2020-09-13 13:00:00+00:00,39903.0,42428.0,-2525.0,-0.7012570741897822,0,0.0,23.754433558239356,1
2020-09-13 14:00:00+00:00,38926.0,41289.0,-2363.0,-0.658076084639801,0,0.0,23.912509642879158,1
2020-09-13 15:00:00+00:00,39201.0,40982.0,-1781.0,-0.5031067947501773,0,0.0,23.915616437629335,1
2020-09-13 16:00:00+00:00,40658.0,41751.0,-1093.0,-0.3200239484774438,0,0.0,23.73564038610678,1
2020-09-13 17:00:00+00:00,42294.0,42312.0,-18.0,-0.03411728136546212,0,0.0,23.26975766747224,1
2020-09-13 18:00:00+00:00,43176.0,42557.0,619.0,0.13515688908583487,0,0.0,22.634600778386407,1
2020-09-13 19:00:00+00:00,41830.0,41492.0,338.0,0.060345598150293396,0,0.0,22.074255180236115,1
2020-09-13 20:00:00+00:00,41668.0,41890.0,-222.0,-0.0886904890397725,0,0.0,21.66294566927589,1
2020-09-13 21:00:00+00:00,42061.0,42731.0,-670.0,-0.2075815743088818,0,0.0,21.37052724358477,1
2020-09-13 22:00:00+00:00,38995.0,39579.0,-584.0,-0.18429312192635894,0,0.0,21.05482036551113,1
2020-09-13 23:00:00+00:00,36695.0,37124.0,-429.0,-0.1426737520602363,0,0.0,20.697494117571367,1
2020-09-14 00:00:00+00:00,35324.0,35514.0,-190.0,-0.07863628208942339,0,0.0,20.27613039966079,1
2020-09-14 01:00:00+00:00,33359.0,33161.0,198.0,0.025055189591104213,0,0.0,19.751075210069686,1
2020-09-14 02:00:00+00:00,32980.0,32047.0,933.0,0.221543984458131,0,0.0,19.029531225611557,1
2020-09-14 03:00:00+00:00,35263.0,31929.0,3334.0,0.8623236115295617,0,0.3623236115295617,17.667207614081995,1
2020-09-14 04:00:00+00:00,40053.0,32586.0,7467.0,1.9642996800490513,0,1.826623291578613,15.202907934032943,1
2020-09-14 05:00:00+00:00,44047.0,32666.0,11381.0,3.0027078658613107,1,4.329331157439924,11.700200068171632,1
2020-09-14 06:00:00+00:00,46392.0,34496.0,11896.0,3.1403718685921325,1,6.9697030260320565,8.0598281995795,1
2020-09-14 07:00:00+00:00,48362.0,37420.0,10942.0,2.887931134660372,0,9.35763416069243,4.671897064919127,1
2020-09-14 08:00:00+00:00,49838.0,39781.0,10057.0,2.65105514493853,0,11.50868930563096,1.5208419199805974,1
2020-09-14 09:00:00+00:00,51539.0,41601.0,9938.0,2.6130652705671964,0,13.621754576198155,0.0,1
2020-09-14 10:00:00+00:00,53193.0,44053.0,9140.0,2.393210640428461,0,15.514965216626617,0.0,1
2020-09-14 11:00:00+00:00,52720.0,42602.0,10118.0,2.64400281018456,0,17.658968026811177,0.0,1
2020-09-14 12:00:00+00:00,52258.0,41018.0,11240.0,2.9323884826470445,0,20.091356509458222,0.0,1
2020-09-14 13:00:00+00:00,51281.0,39903.0,11378.0,2.9591775537956755,0,22.5505340632539,0.0,1
2020-09-14 14:00:00+00:00,50074.0,38926.0,11148.0,2.886690812398115,0,24.937224875652014,0.0,1
2020-09-14 15:00:00+00:00,49543.0,39201.0,10342.0,2.6634022187851114,0,27.100627094437126,0.0,1
2020-09-14 16:00:00+00:00,50577.0,40658.0,9919.0,2.541950520193196,0,29.142577614630323,0.0,1
2020-09-14 17:00:00+00:00,51042.0,42294.0,8748.0,2.2324923060997897,0,30.875069920730112,0.0,1
2020-09-14 18:00:00+00:00,49498.0,43176.0,6322.0,1.6018417051245184,0,31.976911625854633,0.0,1
2020-09-14 19:00:00+00:00,46588.0,41830.0,4758.0,1.195633790580004,0,32.67254541643464,0.0,1
2020-09-14 20:00:00+00:00,45835.0,41668.0,4167.0,1.0418949721783364,0,33.21444038861297,0.0,1
2020-09-14 21:00:00+00:00,45951.0,42061.0,3890.0,0.9693595086327903,0,33.68379989724576,0.0,1
2020-09-14 22:00:00+00:00,42119.0,38995.0,3124.0,0.7710549601531149,0,33.95485485739888,0.0,1
2020-09-14 23:00:00+00:00,39559.0,36695.0,2864.0,0.7041913075036709,0,34.15904616490255,0.0,1
2020-09-15 00:00:00+00:00,38167.0,35324.0,2843.0,0.6992033679330134,0,34.358249532835565,0.0,1
2020-09-15 01:00:00+00:00,36183.0,33359.0,2824.0,0.6944821072025243,0,34.55273164003809,0.0,1
2020-09-15 02:00:00+00:00,35792.0,32980.0,2812.0,0.6911947128175674,0,34.74392635285566,0.0,1
2020-09-15 03:00:00+00:00,37607.0,35263.0,2344.0,0.5696478562101409,0,34.8135742090658,0.0,1
2020-09-15 04:00:00+00:00,42336.0,40053.0,2283.0,0.5536522943488336,0,34.867226503414635,0.0,1
2020-09-15 05:00:00+00:00,46195.0,44047.0,2148.0,0.519310243139142,0,34.88653674655378,0.0,1
2020-09-15 06:00:00+00:00,48187.0,46392.0,1795.0,0.4276343386105274,0,34.814171085164304,0.0,1
2020-09-15 07:00:00+00:00,49998.0,48362.0,1636.0,0.3857999392209024,0,34.699971024385206,0.0,1
2020-09-15 08:00:00+00:00,51440.0,49838.0,1602.0,0.3763639856836636,0,34.57633501006887,0.0,1
2020-09-15 09:00:00+00:00,53020.0,51539.0,1481.0,0.3444002717853427,0,34.420735281854206,0.0,1
2020-09-15 10:00:00+00:00,54268.0,53193.0,1075.0,0.23881662001743967,0,34.159551901871644,0.0,1
2020-09-15 11:00:00+00:00,53791.0,52720.0,1071.0,0.23715820780715907,0,33.89671010967881,0.0,1
2020-09-15 12:00:00+00:00,53617.0,52258.0,1359.0,0.31076980401293314,0,33.70747991369174,0.0,1
2020-09-15 13:00:00+00:00,52690.0,51281.0,1409.0,0.32259058469493546,0,33.53007049838668,0.0,1
2020-09-15 14:00:00+00:00,51276.0,50074.0,1202.0,0.2681593456396935,0,33.29822984402637,0.0,1
2020-09-15 15:00:00+00:00,50522.0,49543.0,979.0,0.20996851265886565,0,33.00819835668524,0.0,1
2020-09-15 16:00:00+00:00,50531.0,50577.0,-46.0,-0.054905422929713885,0,32.45329293375553,0.0,1
2020-09-15 17:00:00+00:00,50374.0,51042.0,-668.0,-0.21539441987202732,0,31.7378985138835,0.0,1
2020-09-15 18:00:00+00:00,49998.0,49498.0,500.0,0.08658101054432753,0,31.32447952442783,0.0,1
2020-09-15 19:00:00+00:00,47281.0,46588.0,693.0,0.13621757233247872,0,30.96069709676031,0.0,1
2020-09-15 20:00:00+00:00,46449.0,45835.0,614.0,0.1153987643340782,0,30.576095861094387,0.0,1
2020-09-15 21:00:00+00:00,46237.0,45951.0,286.0,0.030276265792909946,0,30.106372126887297,0.0,1
2020-09-15 22:00:00+00:00,42497.0,42119.0,378.0,0.0537210615151023,0,29.6600931884024,0.0,1
2020-09-15 23:00:00+00:00,39958.0,39559.0,399.0,0.05871883872856707,0,29.218812027130966,0.0,1
2020-09-16 00:00:00+00:00,38741.0,38167.0,574.0,0.1037002022229576,0,28.822512229353922,0.0,1
2020-09-16 01:00:00+00:00,36766.0,36183.0,583.0,0.10589765239348913,0,28.42840988174741,0.0,1
2020-09-16 02:00:00+00:00,36261.0,35792.0,469.0,0.076352789843969,0,28.00476267159138,0.0,1
2020-09-16 03:00:00+00:00,37936.0,37607.0,329.0,0.04021729544824642,0,27.544979967039627,0.0,1
2020-09-16 04:00:00+00:00,42203.0,42336.0,-133.0,-0.07897741870322145,0,26.966002548336405,0.0,1
2020-09-16 05:00:00+00:00,45797.0,46195.0,-398.0,-0.14740036404324885,0,26.318602184293155,0.0,1
2020-09-16 06:00:00+00:00,48225.0,48187.0,38.0,-0.03404366271465746,0,25.784558521578496,0.0,1
2020-09-16 07:00:00+00:00,50160.0,49998.0,162.0,-0.0014352392597569567,0,25.28312328231874,0.0,1
2020-09-16 08:00:00+00:00,51361.0,51440.0,-79.0,-0.06344786599887964,0,24.719675416319863,0.0,1
2020-09-16 09:00:00+00:00,52875.0,53020.0,-145.0,-0.08029400257972548,0,24.139381413740136,0.0,1
2020-09-16 10:00:00+00:00,54478.0,54268.0,210.0,0.011807015667891657,0,23.651188429408027,0.0,1
2020-09-16 11:00:00+00:00,53776.0,53791.0,-15.0,-0.045930850600354026,0,23.105257578807674,0.0,1
2020-09-16 12:00:00+00:00,53400.0,53617.0,-217.0,-0.09749508973054445,0,22.50776248907713,0.0,1
2020-09-16 13:00:00+00:00,52259.0,52690.0,-431.0,-0.15199585079137748,0,21.855766638285754,0.0,1
2020-09-16 14:00:00+00:00,50973.0,51276.0,-303.0,-0.11795252638278755,0,21.237814111902967,0.0,1
2020-09-16 15:00:00+00:00,49904.0,50522.0,-618.0,-0.19835503950643976,0,20.53945907239653,0.0,1
2020-09-16 16:00:00+00:00,50429.0,50531.0,-102.0,-0.06410858780394868,0,19.975350484592582,0.0,1
2020-09-16 17:00:00+00:00,50622.0,50374.0,248.0,0.026990732668539557,0,19.502341217261122,0.0,1
2020-09-16 18:00:00+00:00,49660.0,49998.0,-338.0,-0.12378747827598506,0,18.878553738985136,0.0,1
2020-09-16 19:00:00+00:00,47012.0,47281.0,-269.0,-0.10524459109452923,0,18.273309147890608,0.0,1
2020-09-16 20:00:00+00:00,46714.0,46449.0,265.0,0.03331015452498039,0,17.806619302415587,0.0,1
2020-09-16 21:00:00+00:00,46662.0,46237.0,425.0,0.07495565566502194,0,17.38157495808061,0.0,1
2020-09-16 22:00:00+00:00,42746.0,42497.0,249.0,0.02980999534665784,0,16.911384953427266,0.0,1
2020-09-16 23:00:00+00:00,40162.0,39958.0,204.0,0.018703648803964877,0,16.43008860223123,0.0,1
2020-09-17 00:00:00+00:00,38875.0,38741.0,134.0,0.0009240269142480545,0,15.931012629145478,0.0,1
2020-09-17 01:00:00+00:00,36869.0,36766.0,103.0,-0.006914435589966137,0,15.424098193555512,0.0,1
2020-09-17 02:00:00+00:00,36033.0,36261.0,-228.0,-0.09226180332998248,0,14.83183639022553,0.0,1
2020-09-17 03:00:00+00:00,37808.0,37936.0,-128.0,-0.06621464456364758,0,14.265621745661882,0.0,1
2020-09-17 04:00:00+00:00,41970.0,42203.0,-233.0,-0.09298398055001496,0,13.672637765111867,0.0,1
2020-09-17 05:00:00+00:00,45851.0,45797.0,54.0,-0.018299314458559517,0,13.154338450653308,0.0,1
2020-09-17 06:00:00+00:00,47725.0,48225.0,-500.0,-0.16164809400198252,0,12.492690356651325,0.0,1
2020-09-17 07:00:00+00:00,49361.0,50160.0,-799.0,-0.23867069473335797,0,11.754019661917967,0.0,1
2020-09-17 08:00:00+00:00,50505.0,51361.0,-856.0,-0.2528408616034981,0,11.001178800314468,0.0,1
2020-09-17 09:00:00+00:00,51753.0,52875.0,-1122.0,-0.32090828924472603,0,10.180270511069743,0.0,1
2020-09-17 10:00:00+00:00,52930.0,54478.0,-1548.0,-0.43017228944581976,0,9.250098221623924,0.0,1
2020-09-17 11:00:00+00:00,52267.0,53776.0,-1509.0,-0.41895955752347047,0,8.331138664100454,0.0,1
2020-09-17 12:00:00+00:00,51872.0,53400.0,-1528.0,-0.42263474086004094,0,7.408503923240413,0.0,1
2020-09-17 13:00:00+00:00,50845.0,52259.0,-1414.0,-0.39175611080292705,0,6.516747812437486,0.0,1
2020-09-17 14:00:00+00:00,49681.0,50973.0,-1292.0,-0.3589242607143281,0,5.657823551723157,0.0,1
2020-09-17 15:00:00+00:00,48863.0,49904.0,-1041.0,-0.2930988997186839,0,4.864724652004473,0.0,0
2020-09-17 16:00:00+00:00,49055.0,50429.0,-1374.0,-0.3777817636447827,0,3.9869428883596907,0.0,0
2020-09-17 17:00:00+00:00,49055.0,50622.0,-1567.0,-0.4261485621447983,0,3.0607943262148924,0.0,0
2020-09-17 21:00:00+00:00,45338.0,49660.0,-4322.0,-1.1324925839185345,0,1.428301742296358,0.6324925839185345,0
2020-09-17 22:00:00+00:00,41625.0,47012.0,-5387.0,-1.3989292656659764,0,0.0,1.531421849584511,0
2020-09-17 23:00:00+00:00,39419.0,46714.0,-7295.0,-1.8740220850764464,0,0.0,2.9054439346609575,0
2020-09-18 00:00:00+00:00,38096.0,46662.0,-8566.0,-2.176790153739653,0,0.0,4.582234088400611,0
2020-09-18 01:00:00+00:00,36142.0,42746.0,-6604.0,-1.6665956945758178,0,0.0,5.748829782976429,1
2020-09-18 02:00:00+00:00,35438.0,40162.0,-4724.0,-1.1853151420598271,0,0.0,6.434144925036256,1
2020-09-18 03:00:00+00:00,37095.0,38875.0,-1780.0,-0.44098087539765146,0,0.0,6.375125800433908,1
2020-09-18 04:00:00+00:00,41769.0,36869.0,4900.0,1.2379885916983584,0,0.7379885916983584,4.63713720873555,0
2020-09-18 05:00:00+00:00,45757.0,36033.0,9724.0,2.4234817606115384,0,2.661470352309897,1.7136554481240114,0
2020-09-18 06:00:00+00:00,47742.0,37808.0,9934.0,2.4463920178640577,0,4.6078623701739545,0.0,0
2020-09-18 07:00:00+00:00,49495.0,41970.0,7525.0,1.8359086319935602,0,5.943771002167515,0.0,1
2020-09-18 08:00:00+00:00,50482.0,45851.0,4631.0,1.1186129718705904,0,6.562383974038106,0.0,1
2020-09-18 09:00:00+00:00,51580.0,47725.0,3855.0,0.9245126151726794,0,6.986896589210785,0.0,1
2020-09-18 10:00:00+00:00,52665.0,49361.0,3304.0,0.7867475575305203,0,7.273644146741305,0.0,1
2020-09-18 11:00:00+00:00,51804.0,50505.0,1299.0,0.29497230962039056,0,7.0686164563616956,0.0,1
2020-09-18 12:00:00+00:00,51203.0,51753.0,-550.0,-0.1571191832294303,0,6.411497273132265,0.0,1
2020-09-18 13:00:00+00:00,49993.0,52930.0,-2937.0,-0.7387550582953534,0,5.172742214836911,0.23875505829535337,1
2020-09-18 14:00:00+00:00,48277.0,52267.0,-3990.0,-0.9916939127005316,0,3.6810483021363796,0.730448970995885,0
2020-09-18 15:00:00+00:00,47729.0,51872.0,-4143.0,-1.024305242749554,0,2.1567430593868258,1.254754213745439,0
2020-09-18 16:00:00+00:00,47847.0,50845.0,-2998.0,-0.7420807604077584,0,0.9146622989790674,1.4968349741531974,0
2020-09-18 17:00:00+00:00,48155.0,49681.0,-1526.0,-0.38213970866366526,0,0.032522590315402056,1.3789746828168628,0
2020-09-18 18:00:00+00:00,47841.0,48863.0,-1022.0,-0.2583742931483613,0,0.0,1.137348975965224,0
2020-09-18 19:00:00+00:00,45149.0,49055.0,-3906.0,-0.9578396430245912,0,0.0,1.5951886189898152,0
2020-09-18 20:00:00+00:00,45120.0,49055.0,-3935.0,-0.9620600304623169,0,0.0,2.057248649452132,0
2020-09-18 21:00:00+00:00,45394.0,45338.0,56.0,0.007710042795952841,0,0.0,1.5495386066561792,0
2020-09-18 22:00:00+00:00,41704.0,41625.0,79.0,0.012797460507810268,0,0.0,1.0367411461483689,0
2020-09-18 23:00:00+00:00,39113.0,39419.0,-306.0,-0.08084044313778209,0,0.0,0.6175815892861509,0
2020-09-19 00:00:00+00:00,37540.0,35024.84820033587,2515.151799664127,0.6027745845082447,0,0.10277458450824473,0.0,0
2020-09-19 01:00:00+00:00,35438.0,33055.970342443485,2382.0296575565158,0.5680209112128976,0,0.17079549572114228,0.0,0
2020-09-19 02:00:00+00:00,34310.0,32357.76593337772,1952.2340666222808,0.46137383555171463,0,0.1321693312728569,0.0,0
2020-09-19 03:00:00+00:00,34727.0,33386.07624605795,1340.92375394205,0.310833263234449,0,0.0,0.0,0
2020-09-19 04:00:00+00:00,36165.0,35698.20333477146,466.7966652285395,0.09675117027901732,0,0.0,0.0,0
2020-09-19 05:00:00+00:00,37057.0,37569.36858972714,-512.3685897271425,-0.1426425310451034,0,0.0,0.0,0
2020-09-19 06:00:00+00:00,39137.0,40172.94237545072,-1035.9423754507225,-0.2723298822533952,0,0.0,0.0,0
2020-09-19 07:00:00+00:00,42021.0,42681.20102058308,-660.2010205830811,-0.1859749556428781,0,0.0,0.0,0
2020-09-19 08:00:00+00:00,43693.0,44230.59790851009,-537.5979085100917,-0.16418908433062895,0,0.0,0.0,0
2020-09-19 09:00:00+00:00,44911.0,45592.70413446565,-681.7041344656536,-0.20845199592008548,0,0.0,0.0,0
2020-09-19 10:00:00+00:00,47314.0,47337.23567211685,-23.235672116854403,-0.05162816457812784,0,0.0,0.0,0
2020-09-19 11:00:00+00:00,45904.0,46160.68604588605,-256.68604588605376,-0.11716284380363541,0,0.0,0.0,0
2020-09-19 12:00:00+00:00,44539.0,44894.81730821638,-355.8173082163776,-0.148960486363918,0,0.0,0.0,0
2020-09-19 13:00:00+00:00,43047.0,43622.98885687292,-575.988856872922,-0.2106785236263516,0,0.0,0.0,0
2020-09-19 14:00:00+00:00,41848.0,42489.16674233008,-641.1667423300823,-0.23362022492057552,0,0.0,0.0,0
2020-09-19 15:00:00+00:00,41593.0,42178.08830495711,-585.0883049571057,-0.22597636844058577,0,0.0,0.0,0
2020-09-19 16:00:00+00:00,42127.0,43217.58994713518,-1090.5899471351804,-0.3640107624591408,0,0.0,0.0,0
2020-09-19 17:00:00+00:00,43041.0,44106.00585750255,-1065.0058575025469,-0.36422748970201707,0,0.0,0.0,0
2020-09-19 18:00:00+00:00,43288.0,43416.42227929101,-128.42227929100773,-0.12543544170540596,0,0.0,0.0,0
2020-09-19 19:00:00+00:00,41550.0,42760.09556542084,-1210.0955654208374,-0.4162976702581899,0,0.0,0.0,0
2020-09-19 20:00:00+00:00,42241.0,42933.49874058872,-692.4987405887223,-0.2845121644530765,0,0.0,0.0,0
2020-09-19 21:00:00+00:00,42974.0,43346.55857006842,-372.5585700684169,-0.20373755821010714,0,0.0,0.0,0
2020-09-19 22:00:00+00:00,39383.0,39947.075400077694,-564.0754000776942,-0.25815807692610315,0,0.0,0.0,0
2020-09-19 23:00:00+00:00,36762.0,37478.8828165911,-716.8828165911036,-0.30169805150064755,0,0.0,0.0,0
2020-09-20 00:00:00+00:00,35204.0,36035.26778574403,-831.2677857440285,-0.33443812641802767,0,0.0,0.0,0
2020-09-20 01:00:00+00:00,33066.0,33974.79411036124,-908.7941103612392,-0.35684360416970085,0,0.0,0.0,0
2020-09-20 02:00:00+00:00,31993.0,33143.54526033345,-1150.5452603334488,-0.42244551948433884,0,0.0,0.0,0
2020-09-20 03:00:00+00:00,31971.0,34057.238704080155,-2086.238704080155,-0.6725845937429781,0,0.0,0.17258459374297808,0
2020-09-20 04:00:00+00:00,32728.0,36327.40811554015,-3599.408115540151,-1.074765038270588,0,0.0,0.7473496320135662,0
2020-09-20 05:00:00+00:00,33023.0,38101.16280820051,-5078.162808200512,-1.4634875434329786,0,0.0,1.710837175446545,0
2020-09-20 06:00:00+00:00,34544.0,40547.04559741361,-6003.045597413613,-1.7004585178008755,0,0.0,2.9112956932474203,0
2020-09-20 07:00:00+00:00,37468.0,43070.2141282597,-5602.2141282597,-1.5868892064477964,0,0.0,3.9981848996952163,0
2020-09-20 08:00:00+00:00,39965.0,44555.19733683326,-4590.197336833262,-1.316085707366763,0,0.0,4.814270607061979,0
2020-09-20 09:00:00+00:00,42075.0,45823.4198756997,-3748.4198756996993,-1.092969518544013,0,0.0,5.407240125605992,1
2020-09-20 10:00:00+00:00,44473.0,47667.43292818478,-3194.432928184782,-0.9465997480885988,0,0.0,5.853839873694591,1
2020-09-20 11:00:00+00:00,42672.0,46446.97913546844,-3774.979135468442,-1.0981547449245133,0,0.0,6.451994618619104,1
2020-09-20 12:00:00+00:00,40606.0,45156.95320770256,-4550.953207702558,-1.2987945224672073,0,0.0,7.250789141086312,1
2020-09-20 13:00:00+00:00,39094.0,43815.82049862831,-4721.820498628309,-1.338442875685867,0,0.0,8.08923201677218,1
2020-09-20 14:00:00+00:00,38129.0,42632.77631148112,-4503.776311481124,-1.2770214443916619,0,0.0,8.866253461163842,1
2020-09-20 15:00:00+00:00,38334.0,42300.46335415753,-3966.4633541575313,-1.1337937644654905,0,0.0,9.500047225629332,1
2020-09-20 16:00:00+00:00,39790.0,43206.62553750625,-3416.6255375062465,-0.9884920559128406,0,0.0,9.988539281542174,1
2020-09-20 17:00:00+00:00,41787.0,44071.48084789887,-2284.4808478988707,-0.6919385185124547,0,0.0,10.180477800054629,1
2020-09-20 18:00:00+00:00,42873.0,43613.941325011314,-740.9413250113139,-0.28816443404662023,0,0.0,9.96864223410125,1
2020-09-20 19:00:00+00:00,41431.0,42610.39785497752,-1179.3978549775202,-0.40352379519414544,0,0.0,9.872166029295395,1
2020-09-20 20:00:00+00:00,41613.0,42844.9293662913,-1231.929366291297,-0.4164935878172117,0,0.0,9.788659617112605,1
2020-09-20 21:00:00+00:00,42237.0,43369.59337416722,-1132.5933741672195,-0.3891134401320214,0,0.0,9.677773057244627,1
2020-09-20 22:00:00+00:00,39104.0,39917.73232855342,-813.7323285534221,-0.3045669445161942,0,0.0,9.482340001760821,1
2020-09-20 23:00:00+00:00,36771.0,37397.375818185545,-626.3758181855446,-0.2551352246692575,0,0.0,9.237475226430078,1
2020-09-21 00:00:00+00:00,35369.0,35446.37404351413,-77.37404351412988,-0.11137695140818553,0,0.0,8.848852177838264,1
2020-09-21 01:00:00+00:00,33396.0,33438.774589858294,-42.77458985829435,-0.10224835900880219,0,0.0,8.451100536847067,1
2020-09-21 02:00:00+00:00,33117.0,32654.332598398767,462.667401601233,0.030165869432005336,0,0.0,7.920934667415061,1
2020-09-21 03:00:00+00:00,35357.0,33488.01458220085,1868.985417799151,0.39787564663548625,0,0.0,7.0230590207795744,1
2020-09-21 04:00:00+00:00,40390.0,35527.79811089251,4862.201889107491,1.1774019140077432,0,0.6774019140077432,5.3456571067718315,1
2020-09-21 05:00:00+00:00,44836.0,37142.17116266126,7693.82883733874,1.9038511867609416,0,2.0812531007686847,2.94180592001089,0
2020-09-21 06:00:00+00:00,46968.0,39517.500779998845,7450.499220001155,1.8307906225783077,0,3.4120437233469927,0.6110152974325824,0
2020-09-21 07:00:00+00:00,48743.0,42100.487145921055,6642.512854078945,1.6256670770072497,0,4.537710800354242,0.0,0
2020-09-21 08:00:00+00:00,49776.0,43802.652764709244,5973.347235290756,1.4725308576587304,0,5.510241658012973,0.0,1
2020-09-21 09:00:00+00:00,50688.0,45273.0763640942,5414.923635905805,1.3481621853466077,0,6.35840384335958,0.0,1
2020-09-21 10:00:00+00:00,51500.0,47134.87578546854,4365.124214531461,1.085339421610188,0,6.943743264969768,0.0,1
2020-09-21 11:00:00+00:00,50670.0,45854.48923817662,4815.5107618233815,1.219106687236915,0,7.662849952206683,0.0,1
2020-09-21 12:00:00+00:00,50089.0,44484.82620528808,5604.173794711918,1.4420605882522801,0,8.604910540458963,0.0,1
2020-09-21 13:00:00+00:00,48919.0,43158.870378906,5760.129621094005,1.4885967110792455,0,9.59350725153821,0.0,1
2020-09-21 14:00:00+00:00,47631.0,42041.71703579968,5589.28296420032,1.4496602955772386,0,10.543167547115448,0.0,1
2020-09-21 15:00:00+00:00,46902.0,41791.47215569611,5110.527844303892,1.3310572076362606,0,11.374224754751708,0.0,1
2020-09-21 16:00:00+00:00,47919.0,42817.59242788865,5101.407572111348,1.341591486813939,0,12.215816241565648,0.0,1
2020-09-21 17:00:00+00:00,49125.0,43844.86126336829,5280.138736631707,1.4032298093891484,0,13.119046050954797,0.0,1
2020-09-21 18:00:00+00:00,48285.0,43482.46053200869,4802.539467991308,1.2788741225057814,0,13.897920173460578,0.0,1
2020-09-21 19:00:00+00:00,44974.0,42571.83880973324,2402.1611902667573,0.6130500344700749,0,14.010970207930653,0.0,1
2020-09-21 20:00:00+00:00,44499.0,42807.30337411041,1691.6966258895918,0.418824487386287,0,13.92979469531694,0.0,1
2020-09-21 21:00:00+00:00,44655.0,43265.54601818738,1389.4539818126214,0.33719066206607007,0,13.76698535738301,0.0,1
2020-09-21 22:00:00+00:00,41351.0,39855.42900302658,1495.5709969734237,0.3700754456271957,0,13.637060803010206,0.0,1
2020-09-21 23:00:00+00:00,39051.0,37380.47558130003,1670.5244186999698,0.42202665727971433,0,13.55908746028992,0.0,1
2020-09-22 00:00:00+00:00,37779.0,37490.17270427081,288.827295729192,0.030455119753355304,0,13.089542580043275,0.0,1
2020-09-22 01:00:00+00:00,35832.0,35283.69159032194,548.3084096780585,0.10650415170192175,0,12.696046731745197,0.0,1
2020-09-22 02:00:00+00:00,35396.0,34441.72339544513,954.2766045548706,0.2240707935271781,0,12.420117525272374,0.0,1
2020-09-22 03:00:00+00:00,37175.0,35484.81596347124,1690.1840365287644,0.4356015729362881,0,12.355719098208663,0.0,1
2020-09-22 04:00:00+00:00,41987.0,38207.54517752615,3779.4548224738537,1.0316002187465612,0,12.887319316955224,0.0,1
2020-09-22 05:00:00+00:00,46552.0,40431.76166628144,6120.23833371856,1.6911411595321568,0,14.07846047648738,0.0,1
2020-09-22 06:00:00+00:00,48604.0,42632.6000474401,5971.399952559899,1.6389113836565643,0,15.217371860143945,0.0,1
2020-09-22 07:00:00+00:00,49871.0,44912.02593725275,4958.974062747249,1.3448842937727177,0,16.062256153916664,0.0,1
2020-09-22 08:00:00+00:00,50485.0,46319.05486853729,4165.945131462708,1.115736533816792,0,16.677992687733457,0.0,1
2020-09-22 09:00:00+00:00,51432.0,47537.49834896601,3894.501651033992,1.0350647154713704,0,17.21305740320483,0.0,1
2020-09-22 10:00:00+00:00,52310.0,49089.36558349757,3220.6344165024275,0.842195921961117,0,17.555253325165946,0.0,1
2020-09-22 11:00:00+00:00,51226.0,47854.86341489724,3371.1365851027585,0.8816006253018911,0,17.93685395046784,0.0,1
2020-09-22 12:00:00+00:00,50179.0,46601.221521912,3577.778478088003,0.9365752433098958,0,18.373429193777735,0.0,1
2020-09-22 13:00:00+00:00,48822.0,45245.95781978158,3576.042180218421,0.9328135672405142,0,18.80624276101825,0.0,1
2020-09-22 14:00:00+00:00,47452.0,44019.98838772864,3432.011612271359,0.8892413824371782,0,19.195484143455428,0.0,1
2020-09-22 15:00:00+00:00,46847.0,43606.62078937274,3240.3792106272595,0.8329500476925019,0,19.52843419114793,0.0,1
2020-09-22 16:00:00+00:00,47706.0,44595.53954408105,3110.4604559189465,0.7941182693098909,0,19.82255246045782,0.0,1
2020-09-22 17:00:00+00:00,49147.0,45637.64538343936,3509.3546165606385,0.9029832993787289,0,20.22553575983655,0.0,1
2020-09-22 18:00:00+00:00,48452.0,45179.26701785133,3272.732982148671,0.8346645680570207,0,20.560200327893572,0.0,1
2020-09-22 19:00:00+00:00,45155.0,43586.78118313997,1568.218816860026,0.35806795769503796,0,20.41826828558861,0.0,1
2020-09-22 20:00:00+00:00,44739.0,43576.89647623024,1162.103523769758,0.24430977057063166,0,20.16257805615924,0.0,1
2020-09-22 21:00:00+00:00,44741.0,43979.09117093499,761.9088290650107,0.13269250544553693,0,19.795270561604777,0.0,1
2020-09-22 22:00:00+00:00,41132.0,40586.394235084685,545.6057649153154,0.0726254059718334,0,19.36789596757661,0.0,1
2020-09-22 23:00:00+00:00,38791.0,38126.272944078046,664.7270559219542,0.10615171204482104,0,18.97404767962143,0.0,1
2020-09-23 00:00:00+00:00,37553.0,37425.571242815546,127.4287571844543,-0.04372092455920523,0,18.430326755062225,0.0,1
2020-09-23 01:00:00+00:00,35589.0,35278.46177596701,310.5382240329928,0.007571199428714564,0,17.93789795449094,0.0,1
2020-09-23 02:00:00+00:00,35260.0,34504.0522367562,755.9477632437993,0.13167026113914304,0,17.56956821563008,0.0,1
2020-09-23 03:00:00+00:00,36792.0,35641.35277842599,1150.6472215740068,0.24112533831616773,0,17.310693553946248,0.0,1
2020-09-23 04:00:00+00:00,41203.0,38694.99996928153,2508.0000307184678,0.6181482180467999,0,17.42884177199305,0.0,1
2020-09-23 05:00:00+00:00,45277.0,41320.81578858025,3956.1842114197498,1.018002001949043,0,17.946843773942092,0.0,1
2020-09-23 06:00:00+00:00,47481.0,43508.03168034978,3972.968319650216,1.0178890821283606,0,18.46473285607045,0.0,1
2020-09-23 07:00:00+00:00,49085.0,45594.59073461742,3490.409265382579,0.8794833811335262,0,18.844216237203977,0.0,1
2020-09-23 08:00:00+00:00,49824.0,46850.684161791214,2973.315838208786,0.732217836145365,0,19.076434073349343,0.0,1
2020-09-23 09:00:00+00:00,50661.0,48041.27940506053,2619.72059493947,0.6313068369952187,0,19.20774091034456,0.0,1
2020-09-23 10:00:00+00:00,51745.0,49502.07979734375,2242.920202656249,0.524781290844696,0,19.23252220118926,0.0,1
2020-09-23 11:00:00+00:00,50711.0,48281.583712849286,2429.416287150714,0.5747099901231526,0,19.307232191312412,0.0,1
2020-09-23 12:00:00+00:00,50034.0,47032.14072807079,3001.8592719292064,0.7310732219353483,0,19.53830541324776,0.0,1
2020-09-23 13:00:00+00:00,48912.0,45670.81375700028,3241.18624299972,0.7950269940276714,0,19.83333240727543,0.0,1
2020-09-23 14:00:00+00:00,47636.0,44424.08836701442,3211.9116329855824,0.7840893565420551,0,20.117421763817486,0.0,1
2020-09-23 15:00:00+00:00,47015.0,43999.027143146486,3015.972856853514,0.7272201816367541,0,20.34464194545424,0.0,1
2020-09-23 16:00:00+00:00,48153.0,44960.56783610804,3192.4321638919646,0.7736277597934509,0,20.61826970524769,0.0,1
2020-09-23 17:00:00+00:00,49747.0,46092.58236796383,3654.417632036173,0.8978899489794058,0,21.016159654227096,0.0,1
2020-09-23 18:00:00+00:00,48233.0,45612.28646376087,2620.7135362391346,0.6104217136672605,0,21.126581367894357,0.0,1
2020-09-23 19:00:00+00:00,44597.0,43758.98067392584,838.019326074158,0.1182867950137805,0,20.744868162908137,0.0,1
2020-09-23 20:00:00+00:00,44426.0,43696.49310838396,729.5068916160453,0.08798970630383834,0,20.332857869211974,0.0,1
2020-09-23 21:00:00+00:00,44593.0,44025.93060300576,567.0693969942367,0.042850973886746795,0,19.87570884309872,0.0,1
2020-09-23 22:00:00+00:00,41255.0,40576.31692126846,678.6830787315412,0.07302915364005028,0,19.44873799673877,0.0,1
2020-09-23 23:00:00+00:00,38950.0,38136.50992208186,813.4900779181407,0.10958239490084355,0,19.058320391639615,0.0,1
2020-09-24 00:00:00+00:00,37563.0,37499.57199917176,63.42800082824397,-0.09740341925204724,0,18.46091697238757,0.0,1
2020-09-24 01:00:00+00:00,35566.0,35387.09138433697,178.9086156630292,-0.06549818633328006,0,17.89541878605429,0.0,1
2020-09-24 02:00:00+00:00,35031.0,34696.92249931346,334.0775006865369,-0.02259487489168245,0,17.372823911162605,0.0,1
2020-09-24 03:00:00+00:00,36926.0,35875.14242333639,1050.8575766636131,0.1747144187420817,0,17.047538329904686,0.0,1
2020-09-24 04:00:00+00:00,41403.0,39104.94485575914,2298.0551442408614,0.516888177755225,0,17.06442650765991,0.0,1
2020-09-24 05:00:00+00:00,46074.0,41911.690458745456,4162.3095412545445,1.025920471640879,0,17.59034697930079,0.0,1
2020-09-24 06:00:00+00:00,47969.0,44113.87826155246,3855.1217384475385,0.9369665639687819,0,18.02731354326957,0.0,1
2020-09-24 07:00:00+00:00,49197.0,46153.13566683872,3043.8643331612766,0.7111728544743166,0,18.238486397743888,0.0,1
2020-09-24 08:00:00+00:00,49649.0,47336.29647612673,2312.7035238732715,0.5088696912988507,0,18.24735608904274,0.0,1
2020-09-24 09:00:00+00:00,50607.0,48457.59584559505,2149.404154404947,0.4623178048731869,0,18.209673893915927,0.0,1
2020-09-24 10:00:00+00:00,51702.0,49874.67849423638,1827.321505763619,0.37248087966193244,0,18.08215477357786,0.0,1
2020-09-24 11:00:00+00:00,50586.0,48684.72290189015,1901.277098109851,0.3912257664449074,0,17.973380540022767,0.0,1
2020-09-24 12:00:00+00:00,49521.0,47556.44022269874,1964.559777301256,0.40697577951545316,0,17.88035631953822,0.0,1
2020-09-24 13:00:00+00:00,48497.0,46251.26592743749,2245.734072562511,0.48192381744606544,0,17.862280136984285,0.0,1
2020-09-24 14:00:00+00:00,47338.0,45005.33204192386,2332.667958076141,0.503754260562103,0,17.86603439754639,0.0,1
2020-09-24 15:00:00+00:00,46905.0,44544.61180842892,2360.388191571081,0.5093656845345512,0,17.87540008208094,0.0,1
2020-09-24 16:00:00+00:00,48329.0,45556.66585723564,2772.334142764361,0.6197022089379546,0,17.995102291018895,0.0,1
2020-09-24 17:00:00+00:00,49839.0,46772.34545843304,3066.6545415669607,0.697283699488373,0,18.19238599050727,0.0,1
2020-09-24 18:00:00+00:00,48393.0,46049.75237167686,2343.247628323137,0.497183514845092,0,18.18956950535236,0.0,1
2020-09-24 19:00:00+00:00,44840.0,43882.21789730362,957.7821026963792,0.11729444708242756,0,17.80686395243479,0.0,1
2020-09-24 20:00:00+00:00,44131.0,43823.05398292975,307.9460170702514,-0.06084007506899599,0,17.246023877365793,0.0,1
2020-09-24 21:00:00+00:00,44805.0,44139.75586081376,665.2441391862376,0.03629608202454857,0,16.782319959390342,0.0,1
2020-09-24 22:00:00+00:00,41665.0,40730.53456030783,934.4654396921688,0.10895130907747574,0,16.39127126846782,0.0,1
2020-09-24 23:00:00+00:00,39626.0,38313.08917263759,1312.910827362408,0.21106131679778706,0,16.102332585265607,0.0,1
2020-09-25 00:00:00+00:00,38621.0,37962.40881649312,658.5911835068764,0.03115025258679152,0,15.633482837852398,0.0,1
2020-09-25 01:00:00+00:00,36478.0,35863.339242074595,614.660757925405,0.01800310144002078,0,15.151485939292419,0.0,1
2020-09-25 02:00:00+00:00,35919.0,35170.35623164275,748.6437683572512,0.0535809310474649,0,14.705066870339884,0.0,1
2020-09-25 03:00:00+00:00,37734.0,36483.98468327004,1250.0153167299577,0.18942087393953974,0,14.394487744279424,0.0,1
2020-09-25 04:00:00+00:00,42169.0,39903.04857617833,2265.9514238216725,0.4655672586643424,0,14.360055002943765,0.0,1
2020-09-25 05:00:00+00:00,46809.0,43044.51355575034,3764.486444249662,0.8718769404793356,0,14.7319319434231,0.0,1
2020-09-25 06:00:00+00:00,49122.0,45150.21983513642,3971.78016486358,0.9242733631514686,0,15.15620530657457,0.0,1
2020-09-25 07:00:00+00:00,50460.0,47007.1266487073,3452.873351292699,0.7790214340028704,0,15.435226740577441,0.0,1
2020-09-25 08:00:00+00:00,50933.0,48029.172304615735,2903.827695384265,0.6262821090867994,0,15.56150884966424,0.0,1
2020-09-25 09:00:00+00:00,51597.0,49117.83894044375,2479.1610595562524,0.5082188712245432,0,15.569727720888782,0.0,1
2020-09-25 10:00:00+00:00,52465.0,50467.259034839575,1997.7409651604248,0.37515622361693624,0,15.444883944505719,0.0,1
2020-09-25 11:00:00+00:00,51233.0,49263.81811951551,1969.181880484488,0.36551752247354463,0,15.310401466979263,0.0,1
2020-09-25 12:00:00+00:00,49926.0,48091.96524922025,1834.0347507797487,0.32686503035740416,0,15.137266497336666,0.0,1
2020-09-25 13:00:00+00:00,48314.0,46824.32512738622,1489.6748726137812,0.23152323303936426,0,14.868789730376031,0.0,1
2020-09-25 14:00:00+00:00,46890.0,45587.9207070735,1302.0792929265008,0.17898491857163012,0,14.547774648947662,0.0,1
2020-09-25 15:00:00+00:00,46366.0,45135.08905640978,1230.910943590221,0.15800409427309137,0,14.205778743220753,0.0,1
2020-09-25 16:00:00+00:00,47505.0,46225.7593168868,1279.240683113203,0.1692891988437303,0,13.875067942064483,0.0,1
2020-09-25 17:00:00+00:00,49318.0,47468.03744883652,1849.9625511634804,0.3226718885426456,0,13.697739830607128,0.0,1
2020-09-25 18:00:00+00:00,49025.0,46626.9358440919,2398.0641559080977,0.46954623937557716,0,13.667286069982705,0.0,1
2020-09-25 19:00:00+00:00,45767.0,44234.85635785178,1532.1436421482213,0.23115299990987773,0,13.398439069892582,0.0,1
2020-09-25 20:00:00+00:00,45541.0,44010.95553455745,1530.044465442552,0.22810059168342514,0,13.126539661576007,0.0,1
2020-09-25 21:00:00+00:00,46041.0,44421.85193991603,1619.1480600839714,0.25028914441673955,0,12.876828805992748,0.0,1
2020-09-25 22:00:00+00:00,42543.0,41064.444265289,1478.5557347110007,0.21017575834662933,0,12.587004564339377,0.0,1
2020-09-25 23:00:00+00:00,39993.0,38722.99365695755,1270.0063430424489,0.1519017050589927,0,12.23890626939837,0.0,1
2020-09-26 00:00:00+00:00,38438.0,38780.01363096897,-342.01363096896966,-0.28835101241108685,0,11.450555256987283,0.0,1
2020-09-26 01:00:00+00:00,36011.0,36627.39093096655,-616.3909309665469,-0.3627973540013413,0,10.587757902985942,0.0,1
2020-09-26 02:00:00+00:00,34881.0,35921.66857391117,-1040.6685739111708,-0.47828295389055464,0,9.609474949095388,0.0,1
2020-09-26 03:00:00+00:00,35330.0,37276.32794098986,-1946.3279409898605,-0.7244343603888325,0,8.385040588706556,0.22443436038883247,1
2020-09-26 04:00:00+00:00,37073.0,40823.984837543816,-3750.984837543816,-1.2130778383219538,0,6.671962750384601,0.9375121987107864,1
2020-09-26 05:00:00+00:00,38757.0,44172.32087824597,-5415.32087824597,-1.658265018256083,0,4.513697732128518,2.0957772169668694,0
2020-09-26 06:00:00+00:00,41065.0,46323.05430184927,-5258.054301849268,-1.610843698714754,0,2.4028540334137642,3.2066209156816234,0
2020-09-26 07:00:00+00:00,43698.0,48082.55470691523,-4384.554706915231,-1.3798343629325813,0,0.5230196704811829,4.0864552786142045,0
2020-09-26 08:00:00+00:00,45243.0,48995.5018321736,-3752.501832173599,-1.2239434542740073,0,0.0,4.810398732888212,0
2020-09-26 09:00:00+00:00,46432.0,49966.09596488174,-3534.095964881737,-1.1820249765072655,0,0.0,5.492423709395477,1
2020-09-26 10:00:00+00:00,48629.0,51196.123715710186,-2567.123715710186,-0.926615210080693,0,0.0,5.91903891947617,1
2020-09-26 11:00:00+00:00,46750.0,49956.78476392627,-3206.784763926269,-1.1162848457711776,0,0.0,6.535323765247348,1
2020-09-26 12:00:00+00:00,44561.0,48721.470385378496,-4160.470385378496,-1.3945370428033106,0,0.0,7.429860808050659,1
2020-09-26 13:00:00+00:00,43189.0,47325.309134135314,-4136.309134135314,-1.393749981652876,0,0.0,8.323610789703535,1
2020-09-26 14:00:00+00:00,41982.0,46016.93021268191,-4034.930212681909,-1.3715533171657623,0,0.0,9.195164106869298,1
2020-09-26 15:00:00+00:00,41839.0,45528.20098917904,-3689.2009891790367,-1.2812109455507303,0,0.0,9.976375052420028,1
2020-09-26 16:00:00+00:00,43505.0,46584.51309310751,-3079.513093107511,-1.1146397879200096,0,0.0,10.591014840340037,1
2020-09-26 17:00:00+00:00,46185.0,47932.69470883514,-1747.6947088351444,-0.7396246653774576,0,0.0,10.830639505717494,1
2020-09-26 18:00:00+00:00,46363.0,47275.426968844855,-912.4269688448549,-0.5053263874485334,0,0.0,10.835965893166028,1
2020-09-26 19:00:00+00:00,43953.0,44759.47545258248,-806.4754525824756,-0.48100773023683163,0,0.0,10.816973623402859,1
2020-09-26 20:00:00+00:00,44468.0,44569.11407192742,-101.114071927419,-0.2806919491514594,0,0.0,10.597665572554318,1
2020-09-26 21:00:00+00:00,45597.0,44966.35917296128,630.6408270387183,-0.07083259830006912,0,0.0,10.168498170854386,1
2020-09-26 22:00:00+00:00,43017.0,41542.45927288503,1474.540727114967,0.17334775555020018,0,0.0,9.495150415304186,1
2020-09-26 23:00:00+00:00,40352.0,39109.80539828571,1242.194601714291,0.10149651376412706,0,0.0,8.893653901540059,1
2020-09-27 00:00:00+00:00,38332.0,38924.0540286835,-592.0540286835021,-0.4418742546240763,0,0.0,8.835528156164136,1
2020-09-27 01:00:00+00:00,35747.0,36782.75142017786,-1035.7514201778613,-0.5739498937355378,0,0.0,8.909478049899674,1
2020-09-27 02:00:00+00:00,34458.0,36008.127992446054,-1550.127992446054,-0.7259530447594531,0,0.0,9.135431094659127,1
2020-09-27 03:00:00+00:00,34368.0,37119.98056548397,-2751.980565483973,-1.0790780633399255,0,0.0,9.714509157999053,1
2020-09-27 04:00:00+00:00,35442.0,40136.70073512183,-4694.700735121827,-1.6446448427428844,0,0.0,10.859154000741938,1
2020-09-27 05:00:00+00:00,36704.0,42937.26822404163,-6233.2682240416325,-2.0814925860363727,0,0.0,12.44064658677831,1
2020-09-27 06:00:00+00:00,38737.0,45111.43961852625,-6374.439618526252,-2.1069103966561196,0,0.0,14.04755698343443,1
2020-09-27 07:00:00+00:00,42375.0,47126.91709122256,-4751.91709122256,-1.6286493862565061,0,0.0,15.176206369690934,1
2020-09-27 08:00:00+00:00,45236.0,48232.65927846812,-2996.65927846812,-1.1195274754650835,0,0.0,15.795733845156018,1
2020-09-27 09:00:00+00:00,47435.0,49275.11202345462,-1840.1120234546177,-0.7861428357399269,0,0.0,16.081876680895945,1
2020-09-27 10:00:00+00:00,49708.0,50768.81026187725,-1060.8102618772537,-0.5629546725526249,0,0.0,16.14483135344857,1
2020-09-27 11:00:00+00:00,47570.0,49351.62607124396,-1781.6260712439616,-0.7746448421568464,0,0.0,16.419476195605416,1
2020-09-27 12:00:00+00:00,45352.0,47867.007141310496,-2515.007141310496,-0.9881295709067589,0,0.0,16.907605766512173,1
2020-09-27 13:00:00+00:00,43597.0,46480.84857160758,-2883.848571607581,-1.0942189698906595,0,0.0,17.50182473640283,1
2020-09-27 14:00:00+00:00,42435.0,45192.70186351041,-2757.7018635104105,-1.0566549837578187,0,0.0,18.05847972016065,1
2020-09-27 15:00:00+00:00,42816.0,44777.74044735606,-1961.74044735606,-0.8257192603290276,0,0.0,18.38419898048968,1
2020-09-27 16:00:00+00:00,45351.0,45961.31322028514,-610.3132202851411,-0.43411794333171166,0,0.0,18.31831692382139,1
2020-09-27 17:00:00+00:00,48508.0,47578.2209974958,929.779002504205,0.012321985619522208,0,0.0,17.805994938201867,1
2020-09-27 18:00:00+00:00,48423.0,47079.42730749621,1343.5726925037889,0.13059652392017887,0,0.0,17.175398414281688,1
2020-09-27 19:00:00+00:00,45969.0,44660.781863116536,1308.2181368834645,0.1182277756314414,0,0.0,16.557170638650245,1
2020-09-27 20:00:00+00:00,45823.0,44640.21619219534,1182.7838078046625,0.08049881516062625,0,0.0,15.976671823489617,1
2020-09-27 21:00:00+00:00,46370.0,45197.81303793954,1172.1869620604557,0.07691725570774068,0,0.0,15.399754567781876,1
2020-09-27 22:00:00+00:00,43594.0,41980.034945275926,1613.9650547240744,0.2050422469965831,0,0.0,14.694712320785293,1
2020-09-27 23:00:00+00:00,41360.0,39488.761259029015,1871.2387409709845,0.2784961109789235,0,0.0,13.916216209806368,1
2020-09-28 00:00:00+00:00,39944.0,39558.77616274773,385.2238372522697,-0.1572070699178703,0,0.0,13.573423279724238,1
2020-09-28 01:00:00+00:00,37771.0,37280.59908827258,490.4009117274181,-0.1273980100411833,0,0.0,13.200821289765422,1
2020-09-28 02:00:00+00:00,37317.0,36357.14850755325,959.8514924467528,0.008809715565151826,0,0.0,12.69201157420027,1
2020-09-28 03:00:00+00:00,39841.0,37188.26251518189,2652.737484818113,0.5018750987277019,0,0.0018750987277018627,11.690136475472569,1
2020-09-28 04:00:00+00:00,45635.0,39714.12156911691,5920.878430883087,1.4490695647952294,0,0.9509446635229313,9.74106691067734,1
2020-09-28 05:00:00+00:00,51074.0,42078.04939009402,8995.95060990598,2.3205007663378505,0,2.7714454298607816,6.920566144339489,1
2020-09-28 06:00:00+00:00,53502.0,44234.48166024321,9267.518339756787,2.375342461294721,0,4.646787891155503,4.045223683044767,0
2020-09-28 07:00:00+00:00,55183.0,46571.48853411821,8611.511465881791,2.1816327739765002,0,6.328420665132003,1.3635909090682672,1
2020-09-28 08:00:00+00:00,55927.0,48042.28054020058,7884.719459799417,1.9910938075557545,0,7.819514472687757,0.0,1
2020-09-28 09:00:00+00:00,56748.0,49328.28725425473,7419.712745745273,1.878906425927912,0,9.19842089861567,0.0,1
2020-09-28 10:00:00+00:00,57680.0,50911.316865482135,6768.683134517865,1.7069979205252692,0,10.40541881914094,0.0,1
2020-09-28 11:00:00+00:00,56412.0,49402.57584757559,7009.4241524244135,1.7911675286597335,0,11.696586347800672,0.0,1
2020-09-28 12:00:00+00:00,54776.0,47862.69283590822,6913.307164091777,1.7759167558271955,0,12.972503103627867,0.0,1
2020-09-28 13:00:00+00:00,52805.0,46392.30620226181,6412.6937977381895,1.6374331886803295,0,14.109936292308197,0.0,1
2020-09-28 14:00:00+00:00,51405.0,45121.4705808563,6283.529419143699,1.6142736488526426,0,15.22420994116084,0.0,1
2020-09-28 15:00:00+00:00,50809.0,44824.55201501858,5984.447984981423,1.5458985478719935,0,16.270108489032832,0.0,1
2020-09-28 16:00:00+00:00,52486.0,46166.50292633181,6319.497073668186,1.6712958931448887,0,17.441404382177723,0.0,1
2020-09-28 17:00:00+00:00,55241.0,47822.25217553305,7418.747824466947,2.0315560351806807,0,18.972960417358404,0.0,1
2020-09-28 18:00:00+00:00,53813.0,47249.93722217075,6563.062777829247,1.7837950801216589,0,20.256755497480064,0.0,1
2020-09-28 19:00:00+00:00,49730.0,45112.17370052619,4617.826299473811,1.1907863414353161,0,20.94754183891538,0.0,1
2020-09-28 20:00:00+00:00,49336.0,45055.0566132905,4280.9433867095,1.0966463119183163,0,21.544188150833698,0.0,1
2020-09-28 21:00:00+00:00,49617.0,45490.17132200333,4126.828677996666,1.0526338260526757,0,22.096821976886375,0.0,1
2020-09-28 22:00:00+00:00,46291.0,42231.91635067929,4059.08364932071,1.0324057455676274,0,22.629227722454,0.0,1
2020-09-28 23:00:00+00:00,43666.0,39790.66595149628,3875.334048503719,0.9741059720082309,0,23.103333694462233,0.0,1
2020-09-29 00:00:00+00:00,42159.0,41970.803003078654,188.196996921346,-0.20397128931327477,0,22.39936240514896,0.0,1
2020-09-29 01:00:00+00:00,40196.0,39575.87992959529,620.1200704047078,-0.06305677896195858,0,21.836305626187002,0.0,1
2020-09-29 02:00:00+00:00,39454.0,38642.76222620673,811.2377737932693,0.000271419082686938,0,21.33657704526969,0.0,1
2020-09-29 03:00:00+00:00,41602.0,39795.63278917755,1806.367210822449,0.32115316209620676,0,21.157730207365894,0.0,1
2020-09-29 04:00:00+00:00,47325.0,43049.14316198061,4275.85683801939,1.1122310423433999,0,21.769961249709294,0.0,1
2020-09-29 05:00:00+00:00,52955.0,46075.64127922775,6879.358720772252,1.93450157897906,0,23.204462828688353,0.0,1
2020-09-29 06:00:00+00:00,54760.0,48202.956822024666,6557.043177975334,1.819097365738646,0,24.523560194427,0.0,1
2020-09-29 07:00:00+00:00,55599.0,50178.854729736886,5420.145270263114,1.4504872899890062,0,25.474047484416005,0.0,1
2020-09-29 08:00:00+00:00,55519.0,51271.6317471196,4247.368252880398,1.0750538030043706,0,26.049101287420374,0.0,1
2020-09-29 09:00:00+00:00,55720.0,52290.8859984014,3429.114001598602,0.8137470976088826,0,26.362848385029256,0.0,1
2020-09-29 10:00:00+00:00,56056.0,53597.919159589495,2458.0808404105046,0.5056502402656261,0,26.368498625294883,0.0,1
2020-09-29 11:00:00+00:00,54814.0,52137.06635299476,2676.933647005244,0.5736145463433264,0,26.44211317163821,0.0,1
2020-09-29 12:00:00+00:00,53084.0,50583.28597354909,2500.714026450907,0.5167721171802956,0,26.458885288818504,0.0,1
2020-09-29 13:00:00+00:00,51508.0,48980.82269426704,2527.177305732956,0.523557426544016,0,26.48244271536252,0.0,1
2020-09-29 14:00:00+00:00,50072.0,47617.31335295629,2454.686647043709,0.49917491782543827,0,26.48161763318796,0.0,1
2020-09-29 15:00:00+00:00,49623.0,47138.73518143369,2484.264818566313,0.5072794627952619,0,26.48889709598322,0.0,1
2020-09-29 16:00:00+00:00,51474.0,48384.53602195798,3089.4639780420184,0.6962579223111339,0,26.685155018294353,0.0,1
2020-09-29 17:00:00+00:00,54497.0,50080.53317801208,4416.466821987924,1.1097927106095773,0,27.29494772890393,0.0,1
2020-09-29 18:00:00+00:00,53429.0,49246.227182777606,4182.772817222394,1.031563354132454,0,27.826511083036387,0.0,1
2020-09-29 19:00:00+00:00,49462.0,46675.16055091719,2786.839449082807,0.5898591912776465,0,27.916370274314033,0.0,1
2020-09-29 20:00:00+00:00,48742.0,46513.61806188632,2228.381938113685,0.41170930069886863,0,27.828079575012904,0.0,1
2020-09-29 21:00:00+00:00,49255.0,46873.87566735607,2381.124332643929,0.4578207850765654,0,27.785900360089467,0.0,1
2020-09-29 22:00:00+00:00,45740.0,43522.873011643824,2217.1269883561763,0.4047743743648943,0,27.690674734454362,0.0,1
2020-09-29 23:00:00+00:00,45740.0,40991.58878736661,4748.411212633393,1.1934706631519045,0,28.384145397606268,0.0,1
2020-09-30 00:00:00+00:00,41540.0,42893.37601138675,-1353.3760113867463,-0.7170502087183128,0,27.167095188887956,0.21705020871831282,1
2020-09-30 01:00:00+00:00,41540.0,40603.24820455908,936.7517954409196,-0.00025592568816896674,0,26.666839263199787,0.0,1
2020-09-30 02:00:00+00:00,39396.0,39689.26760966753,-293.2676096675277,-0.38482662641192517,0,25.78201263678786,0.0,1
2020-09-30 03:00:00+00:00,38846.0,41002.36291705999,-2156.362917059989,-0.9644364842988657,0,24.317576152488996,0.46443648429886575,1
2020-09-30 04:00:00+00:00,40910.0,44777.27605379408,-3867.2760537940776,-1.490424452095645,0,22.32715170039335,1.4548609363945106,1
2020-09-30 05:00:00+00:00,50996.0,48387.81198679658,2608.1880132034203,0.5258687870391077,0,22.35302048743246,0.428992149355403,1
2020-09-30 06:00:00+00:00,53301.0,50345.23487261637,2955.765127383631,0.6313900761662082,0,22.48441056359867,0.0,1
2020-09-30 07:00:00+00:00,54210.0,52019.28107423678,2190.71892576322,0.39095871118688746,0,22.375369274785555,0.0,1
2020-09-30 08:00:00+00:00,53978.0,52810.097323089634,1167.9026769103657,0.07101872574044106,0,21.946388000525996,0.0,1
2020-09-30 09:00:00+00:00,54329.0,53608.53633888632,720.4636611136812,-0.06898968751810006,0,21.377398313007895,0.0,1
2020-09-30 10:00:00+00:00,54654.0,54670.25599716134,-16.25599716133729,-0.29830961262535677,0,20.57908870038254,0.0,1
2020-09-30 11:00:00+00:00,53174.0,53177.04726389488,-3.047263894877688,-0.29427186576031145,0,19.784816834622227,0.0,1
2020-09-30 12:00:00+00:00,51758.0,51496.38140214943,261.6185978505746,-0.21222570370246935,0,19.072591130919758,0.0,1
2020-09-30 13:00:00+00:00,50206.0,49869.977876991456,336.02212300854444,-0.18916755613864966,0,18.38342357478111,0.0,1
2020-09-30 14:00:00+00:00,49154.0,48456.104726772064,697.8952732279358,-0.0770976993888406,0,17.806325875392268,0.0,1
2020-09-30 15:00:00+00:00,48388.0,47993.67783105806,394.322168941937,-0.17227982702616895,0,17.1340460483661,0.0,1
2020-09-30 16:00:00+00:00,50111.0,49430.04545483428,680.954545165725,-0.08400932348881114,0,16.550036724877287,0.0,1
2020-09-30 17:00:00+00:00,53304.0,51544.98632436771,1759.01367563229,0.2501595817341829,0,16.300196306611472,0.0,1
2020-09-30 18:00:00+00:00,51975.0,50724.99472480152,1250.0052751984767,0.08977025413761448,0,15.889966560749087,0.0,1
2020-09-30 19:00:00+00:00,48210.0,47653.365512980345,556.6344870196554,-0.12709821059987464,0,15.262868350149212,0.0,1
2020-09-30 20:00:00+00:00,48210.0,47305.997844711215,904.0021552887848,-0.019360965236802044,0,14.74350738491241,0.0,1
2020-09-30 21:00:00+00:00,48058.0,47726.08775959451,331.9122404054869,-0.19847448855665425,0,14.045032896355757,0.0,1
2020-09-30 22:00:00+00:00,44869.0,44370.01112943226,498.9888705677368,-0.14708897212815872,0,13.397943924227597,0.0,1
